datetime,open,high,low,close,volume,hourly
2023-12-01 00:00:00,12.17,12.37,12.16,12.31,4386.34,0
2023-12-01 00:15:00,12.31,12.49,12.22,12.35,9839.22,0
2023-12-01 00:30:00,12.37,12.49,12.32,12.36,6397.49,0
2023-12-01 00:45:00,12.34,12.52,12.32,12.46,3524.89,0
2023-12-01 01:00:00,12.46,12.69,12.42,12.61,14014.2,1
2023-12-01 01:15:00,12.61,12.86,12.61,12.72,12505.0,1
2023-12-01 01:30:00,12.71,12.96,12.68,12.69,12236.33,1
2023-12-01 01:45:00,12.7,12.71,12.55,12.58,6973.95,1
2023-12-01 02:00:00,12.6,12.93,12.59,12.88,6730.25,2
2023-12-01 02:15:00,12.88,13.01,12.78,12.78,11731.92,2
2023-12-01 02:30:00,12.79,12.86,12.75,12.84,3281.36,2
2023-12-01 02:45:00,12.84,12.88,12.64,12.66,4957.24,2
2023-12-01 03:00:00,12.69,12.73,12.57,12.72,5195.09,3
2023-12-01 03:15:00,12.72,12.79,12.62,12.69,7013.72,3
2023-12-01 03:30:00,12.69,12.69,12.49,12.49,3562.47,3
2023-12-01 03:45:00,12.49,12.51,12.43,12.43,2795.56,3
2023-12-01 04:00:00,12.44,12.58,12.4,12.55,3708.25,4
2023-12-01 04:15:00,12.56,12.62,12.51,12.59,2144.14,4
2023-12-01 04:30:00,12.58,12.76,12.58,12.66,3477.3,4
2023-12-01 04:45:00,12.66,12.85,12.62,12.75,2299.01,4
2023-12-01 05:00:00,12.73,12.79,12.58,12.58,1708.86,5
2023-12-01 05:15:00,12.59,12.7,12.59,12.68,1968.53,5
2023-12-01 05:30:00,12.68,12.69,12.47,12.51,6000.58,5
2023-12-01 05:45:00,12.53,12.56,12.47,12.56,1196.72,5
2023-12-01 06:00:00,12.56,12.56,12.45,12.5,4521.38,6
2023-12-01 06:15:00,12.51,12.56,12.45,12.56,1229.91,6
2023-12-01 06:30:00,12.57,12.65,12.56,12.62,1972.86,6
2023-12-01 06:45:00,12.63,12.7,12.63,12.63,1641.56,6
2023-12-01 07:00:00,12.64,12.74,12.62,12.65,2302.15,7
2023-12-01 07:15:00,12.67,12.73,12.62,12.62,821.47,7
2023-12-01 07:30:00,12.64,12.64,12.45,12.46,4776.29,7
2023-12-01 07:45:00,12.46,12.52,12.4,12.41,4241.08,7
2023-12-01 08:00:00,12.43,12.48,12.29,12.3,6897.43,8
2023-12-01 08:15:00,12.3,12.35,12.25,12.34,3904.24,8
2023-12-01 08:30:00,12.34,12.44,12.3,12.4,4829.05,8
2023-12-01 08:45:00,12.41,12.5,12.39,12.49,3496.51,8
2023-12-01 09:00:00,12.5,12.78,12.45,12.78,10377.12,9
2023-12-01 09:15:00,12.76,12.88,12.67,12.71,10413.09,9
2023-12-01 09:30:00,12.73,12.84,12.64,12.68,7717.63,9
2023-12-01 09:45:00,12.66,12.69,12.57,12.61,13230.68,9
2023-12-01 10:00:00,12.62,12.62,12.48,12.52,5662.35,10
2023-12-01 10:15:00,12.5,12.65,12.47,12.64,5819.31,10
2023-12-01 10:30:00,12.62,12.65,12.55,12.6,4511.71,10
2023-12-01 10:45:00,12.59,12.63,12.42,12.42,6555.69,10
2023-12-01 11:00:00,12.44,12.59,12.43,12.55,7134.98,11
2023-12-01 11:15:00,12.53,12.74,12.53,12.7,4940.27,11
2023-12-01 11:30:00,12.7,12.8,12.59,12.59,5118.95,11
2023-12-01 11:45:00,12.6,12.79,12.59,12.73,5497.29,11
2023-12-01 12:00:00,12.72,13.5,12.63,13.34,70437.94,12
2023-12-01 12:15:00,13.32,13.39,12.97,13.14,43075.69,12
2023-12-01 12:30:00,13.13,13.38,13.02,13.12,20367.59,12
2023-12-01 12:45:00,13.11,13.13,12.56,12.62,31727.39,12
2023-12-01 13:00:00,12.62,12.68,12.52,12.62,13013.58,13
2023-12-01 13:15:00,12.59,12.69,12.56,12.66,9793.73,13
2023-12-01 13:30:00,12.66,12.7,12.5,12.55,15669.03,13
2023-12-01 13:45:00,12.55,12.58,12.34,12.36,21376.78,13
2023-12-01 14:00:00,12.37,13.27,12.35,13.24,70505.49,14
2023-12-01 14:15:00,13.24,13.77,13.16,13.37,131582.28,14
2023-12-01 14:30:00,13.36,13.5,13.05,13.22,28885.79,14
2023-12-01 14:45:00,13.23,13.53,13.22,13.23,45665.43,14
2023-12-01 15:00:00,13.23,13.48,13.05,13.24,32320.06,15
2023-12-01 15:15:00,13.24,13.4,13.08,13.21,25500.34,15
2023-12-01 15:30:00,13.22,13.22,13.03,13.07,10248.9,15
2023-12-01 15:45:00,13.05,13.13,12.96,13.01,6608.94,15
2023-12-01 16:00:00,13.0,13.14,12.94,13.12,7123.22,16
2023-12-01 16:15:00,13.13,13.44,13.05,13.06,40153.99,16
2023-12-01 16:30:00,13.07,13.21,13.05,13.19,6714.16,16
2023-12-01 16:45:00,13.19,13.19,12.97,12.99,15648.88,16
2023-12-01 17:00:00,13.03,13.07,12.94,12.99,8850.81,17
2023-12-01 17:15:00,12.98,13.01,12.8,12.85,9841.4,17
2023-12-01 17:30:00,12.86,12.99,12.82,12.99,6814.64,17
2023-12-01 17:45:00,12.99,13.09,12.96,13.02,5970.82,17
2023-12-01 18:00:00,13.04,13.12,13.0,13.08,8872.45,18
2023-12-01 18:15:00,13.08,13.09,13.0,13.09,3855.16,18
2023-12-01 18:30:00,13.09,13.09,13.0,13.08,11951.54,18
2023-12-01 18:45:00,13.09,13.17,13.06,13.07,6616.58,18
2023-12-01 19:00:00,13.06,13.07,12.78,12.87,12094.06,19
2023-12-01 19:15:00,12.87,12.91,12.65,12.67,8791.5,19
2023-12-01 19:30:00,12.67,12.72,12.56,12.6,9901.57,19
2023-12-01 19:45:00,12.6,12.67,12.51,12.61,13255.85,19
2023-12-01 20:00:00,12.6,12.62,12.51,12.53,4553.33,20
2023-12-01 20:15:00,12.53,12.62,12.48,12.6,8597.78,20
2023-12-01 20:30:00,12.59,12.81,12.58,12.76,9957.82,20
2023-12-01 20:45:00,12.76,12.77,12.68,12.72,5098.97,20
2023-12-01 21:00:00,12.7,12.82,12.68,12.71,4027.46,21
2023-12-01 21:15:00,12.72,12.83,12.64,12.66,4703.71,21
2023-12-01 21:30:00,12.66,12.69,12.48,12.49,9470.92,21
2023-12-01 21:45:00,12.49,12.59,12.46,12.55,3394.47,21
2023-12-01 22:00:00,12.55,12.68,12.43,12.62,13374.4,22
2023-12-01 22:15:00,12.62,12.68,12.55,12.65,2388.11,22
2023-12-01 22:30:00,12.67,12.72,12.49,12.49,8083.94,22
2023-12-01 22:45:00,12.51,12.56,12.48,12.53,5262.06,22
2023-12-01 23:00:00,12.51,12.69,12.51,12.6,6789.41,23
2023-12-01 23:15:00,12.6,12.68,12.58,12.59,2742.64,23
2023-12-01 23:30:00,12.61,12.66,12.57,12.59,1745.59,23
2023-12-01 23:45:00,12.61,12.69,12.55,12.57,3365.56,23
2023-12-02 00:00:00,12.57,12.59,12.48,12.58,2530.09,0
2023-12-02 00:15:00,12.57,12.69,12.55,12.65,3930.09,0
2023-12-02 00:30:00,12.66,12.77,12.61,12.75,8835.5,0
2023-12-02 00:45:00,12.74,12.76,12.63,12.63,4319.93,0
2023-12-02 01:00:00,12.62,12.69,12.56,12.56,3306.92,1
2023-12-02 01:15:00,12.59,12.65,12.51,12.54,5842.3,1
2023-12-02 01:30:00,12.54,12.56,12.45,12.46,5675.62,1
2023-12-02 01:45:00,12.45,12.51,12.43,12.46,2071.61,1
2023-12-02 02:00:00,12.46,12.52,12.35,12.38,4683.64,2
2023-12-02 02:15:00,12.38,12.4,12.32,12.35,6088.18,2
2023-12-02 02:30:00,12.37,12.41,12.35,12.41,1462.45,2
2023-12-02 02:45:00,12.41,12.51,12.38,12.48,3155.46,2
2023-12-02 03:00:00,12.46,12.48,12.39,12.47,1100.83,3
2023-12-02 03:15:00,12.46,12.53,12.46,12.52,1295.99,3
2023-12-02 03:30:00,12.5,12.55,12.46,12.53,2800.23,3
2023-12-02 03:45:00,12.52,12.58,12.52,12.58,1002.75,3
2023-12-02 04:00:00,12.58,12.58,12.51,12.56,1844.4,4
2023-12-02 04:15:00,12.56,12.56,12.47,12.49,2028.84,4
2023-12-02 04:30:00,12.48,12.51,12.43,12.43,562.29,4
2023-12-02 04:45:00,12.43,12.49,12.4,12.42,1789.11,4
2023-12-02 05:00:00,12.41,12.51,12.37,12.45,9399.35,5
2023-12-02 05:15:00,12.44,12.51,12.41,12.5,5742.77,5
2023-12-02 05:30:00,12.5,12.55,12.48,12.52,2175.14,5
2023-12-02 05:45:00,12.52,12.55,12.46,12.48,3246.7,5
2023-12-02 06:00:00,12.49,12.51,12.47,12.5,1416.34,6
2023-12-02 06:15:00,12.49,12.51,12.46,12.47,1204.85,6
2023-12-02 06:30:00,12.46,12.49,12.43,12.46,1510.0,6
2023-12-02 06:45:00,12.46,12.5,12.44,12.5,943.19,6
2023-12-02 07:00:00,12.5,12.65,12.5,12.61,2487.07,7
2023-12-02 07:15:00,12.61,12.64,12.41,12.42,5543.32,7
2023-12-02 07:30:00,12.42,12.43,12.3,12.31,7142.44,7
2023-12-02 07:45:00,12.31,12.41,12.3,12.3,5769.06,7
2023-12-02 08:00:00,12.31,12.36,12.18,12.24,7701.83,8
2023-12-02 08:15:00,12.22,12.28,12.2,12.21,3495.4,8
2023-12-02 08:30:00,12.21,12.32,12.2,12.32,1856.33,8
2023-12-02 08:45:00,12.32,12.41,12.2,12.39,4705.24,8
2023-12-02 09:00:00,12.39,12.41,12.28,12.31,2805.84,9
2023-12-02 09:15:00,12.29,12.35,12.29,12.34,2064.36,9
2023-12-02 09:30:00,12.35,12.42,12.29,12.38,5976.2,9
2023-12-02 09:45:00,12.39,12.39,12.32,12.33,1936.61,9
2023-12-02 10:00:00,12.35,12.39,12.28,12.34,2664.68,10
2023-12-02 10:15:00,12.36,12.38,12.31,12.32,1735.63,10
2023-12-02 10:30:00,12.33,12.34,12.22,12.23,6786.67,10
2023-12-02 10:45:00,12.23,12.23,12.13,12.2,5715.76,10
2023-12-02 11:00:00,12.2,12.21,12.13,12.17,4084.87,11
2023-12-02 11:15:00,12.16,12.2,12.1,12.11,5373.2,11
2023-12-02 11:30:00,12.09,12.2,12.04,12.2,8210.74,11
2023-12-02 11:45:00,12.2,12.32,12.19,12.29,6061.68,11
2023-12-02 12:00:00,12.29,12.29,12.24,12.26,1501.61,12
2023-12-02 12:15:00,12.28,12.3,12.2,12.22,3229.73,12
2023-12-02 12:30:00,12.21,12.22,12.12,12.15,6388.62,12
2023-12-02 12:45:00,12.15,12.21,12.12,12.16,3339.0,12
2023-12-02 13:00:00,12.14,12.14,12.08,12.11,4058.6,13
2023-12-02 13:15:00,12.11,12.12,12.02,12.07,6336.07,13
2023-12-02 13:30:00,12.07,12.19,12.05,12.17,4196.97,13
2023-12-02 13:45:00,12.17,12.18,12.1,12.1,4215.18,13
2023-12-02 14:00:00,12.12,12.18,12.1,12.13,3317.11,14
2023-12-02 14:15:00,12.14,12.34,12.12,12.34,8005.76,14
2023-12-02 14:30:00,12.34,12.35,12.21,12.26,5111.87,14
2023-12-02 14:45:00,12.26,12.31,12.22,12.24,4334.78,14
2023-12-02 15:00:00,12.24,12.34,12.2,12.32,4052.92,15
2023-12-02 15:15:00,12.31,12.32,12.25,12.3,3016.8,15
2023-12-02 15:30:00,12.29,12.32,12.2,12.22,3122.53,15
2023-12-02 15:45:00,12.22,12.26,12.18,12.23,2688.63,15
2023-12-02 16:00:00,12.23,12.31,12.18,12.23,3565.54,16
2023-12-02 16:15:00,12.23,12.26,12.2,12.21,1655.4,16
2023-12-02 16:30:00,12.22,12.43,12.19,12.36,11541.28,16
2023-12-02 16:45:00,12.36,12.39,12.29,12.32,2538.44,16
2023-12-02 17:00:00,12.32,12.38,12.27,12.3,3629.65,17
2023-12-02 17:15:00,12.31,12.37,12.31,12.33,1155.35,17
2023-12-02 17:30:00,12.32,12.4,12.31,12.36,3960.94,17
2023-12-02 17:45:00,12.35,12.5,12.33,12.45,7674.55,17
2023-12-02 18:00:00,12.46,12.48,12.27,12.31,6744.92,18
2023-12-02 18:15:00,12.32,12.35,12.25,12.28,3850.16,18
2023-12-02 18:30:00,12.28,12.36,12.26,12.35,2476.16,18
2023-12-02 18:45:00,12.34,12.42,12.32,12.39,2984.76,18
2023-12-02 19:00:00,12.4,12.43,12.31,12.39,2317.62,19
2023-12-02 19:15:00,12.41,12.41,12.31,12.31,1920.38,19
2023-12-02 19:30:00,12.31,12.36,12.25,12.26,3775.12,19
2023-12-02 19:45:00,12.27,12.3,12.24,12.26,1150.71,19
2023-12-02 20:00:00,12.26,12.29,12.21,12.22,2523.38,20
2023-12-02 20:15:00,12.22,12.34,12.2,12.3,6517.0,20
2023-12-02 20:30:00,12.32,12.33,12.27,12.29,851.81,20
2023-12-02 20:45:00,12.29,12.31,12.27,12.3,999.11,20
2023-12-02 21:00:00,12.29,12.34,12.26,12.29,3056.76,21
2023-12-02 21:15:00,12.27,12.29,12.21,12.23,2919.26,21
2023-12-02 21:30:00,12.23,12.26,12.21,12.22,2235.37,21
2023-12-02 21:45:00,12.21,12.33,12.17,12.29,8148.36,21
2023-12-02 22:00:00,12.3,12.31,12.23,12.23,2543.25,22
2023-12-02 22:15:00,12.23,12.24,12.2,12.21,3137.69,22
2023-12-02 22:30:00,12.21,12.23,12.16,12.17,3074.52,22
2023-12-02 22:45:00,12.17,12.28,12.14,12.24,5888.72,22
2023-12-02 23:00:00,12.24,12.25,12.21,12.22,2885.02,23
2023-12-02 23:15:00,12.24,12.28,12.21,12.21,2472.14,23
2023-12-02 23:30:00,12.22,12.23,12.21,12.22,3345.78,23
2023-12-02 23:45:00,12.21,12.33,12.21,12.27,2381.44,23
2023-12-03 00:00:00,12.27,12.4,12.27,12.32,5591.04,0
2023-12-03 00:15:00,12.32,12.37,12.31,12.34,1919.85,0
2023-12-03 00:30:00,12.33,12.47,12.33,12.45,9836.84,0
2023-12-03 00:45:00,12.44,12.47,12.3,12.34,5735.4,0
2023-12-03 01:00:00,12.35,12.41,12.33,12.41,1522.17,1
2023-12-03 01:15:00,12.41,12.48,12.4,12.43,4050.51,1
2023-12-03 01:30:00,12.43,12.5,12.4,12.49,2279.7,1
2023-12-03 01:45:00,12.47,12.6,12.45,12.55,7473.62,1
2023-12-03 02:00:00,12.55,12.76,12.54,12.66,12815.0,2
2023-12-03 02:15:00,12.66,12.66,12.21,12.41,44095.21,2
2023-12-03 02:30:00,12.42,12.43,12.26,12.33,6666.97,2
2023-12-03 02:45:00,12.32,12.39,12.32,12.37,2136.89,2
2023-12-03 03:00:00,12.37,12.5,12.35,12.38,5377.11,3
2023-12-03 03:15:00,12.38,12.43,12.32,12.35,4878.16,3
2023-12-03 03:30:00,12.35,12.39,12.3,12.31,3039.42,3
2023-12-03 03:45:00,12.32,12.38,12.26,12.37,8666.71,3
2023-12-03 04:00:00,12.37,12.47,12.37,12.45,3708.3,4
2023-12-03 04:15:00,12.45,12.47,12.36,12.39,3575.19,4
2023-12-03 04:30:00,12.4,12.41,12.36,12.38,1055.94,4
2023-12-03 04:45:00,12.38,12.39,12.31,12.34,1793.11,4
2023-12-03 05:00:00,12.34,12.5,12.33,12.45,7640.5,5
2023-12-03 05:15:00,12.44,12.49,12.43,12.49,822.47,5
2023-12-03 05:30:00,12.49,12.55,12.47,12.47,2721.03,5
2023-12-03 05:45:00,12.47,12.58,12.46,12.56,1701.91,5
2023-12-03 06:00:00,12.56,12.56,12.43,12.44,2829.19,6
2023-12-03 06:15:00,12.44,12.51,12.44,12.47,1232.41,6
2023-12-03 06:30:00,12.48,12.58,12.47,12.56,1497.74,6
2023-12-03 06:45:00,12.58,12.6,12.5,12.5,1111.56,6
2023-12-03 07:00:00,12.52,12.64,12.5,12.63,2535.78,7
2023-12-03 07:15:00,12.64,12.7,12.6,12.62,2739.55,7
2023-12-03 07:30:00,12.61,12.71,12.55,12.68,6095.65,7
2023-12-03 07:45:00,12.68,12.69,12.63,12.63,1688.85,7
2023-12-03 08:00:00,12.63,12.88,12.6,12.74,14104.48,8
2023-12-03 08:15:00,12.75,12.75,12.61,12.69,1489.36,8
2023-12-03 08:30:00,12.67,12.72,12.58,12.59,1897.43,8
2023-12-03 08:45:00,12.58,12.91,12.58,12.89,12000.79,8
2023-12-03 09:00:00,12.91,12.93,12.8,12.87,6764.09,9
2023-12-03 09:15:00,12.87,13.0,12.86,12.98,10934.72,9
2023-12-03 09:30:00,12.98,13.08,12.9,13.07,19723.59,9
2023-12-03 09:45:00,13.07,13.62,13.02,13.59,38996.31,9
2023-12-03 10:00:00,13.57,13.96,13.35,13.9,43571.35,10
2023-12-03 10:15:00,13.9,14.03,13.56,13.94,40149.75,10
2023-12-03 10:30:00,13.94,14.33,13.87,14.18,49532.65,10
2023-12-03 10:45:00,14.19,14.38,13.8,14.38,27001.43,10
2023-12-03 11:00:00,14.38,14.85,14.12,14.4,84413.21,11
2023-12-03 11:15:00,14.39,14.39,13.99,14.0,33838.58,11
2023-12-03 11:30:00,14.02,14.03,13.77,13.81,26456.66,11
2023-12-03 11:45:00,13.78,14.88,13.76,14.64,53008.49,11
2023-12-03 12:00:00,14.64,14.88,13.85,14.31,58937.66,12
2023-12-03 12:15:00,14.31,14.5,14.07,14.36,19454.04,12
2023-12-03 12:30:00,14.35,14.41,13.99,14.2,31658.67,12
2023-12-03 12:45:00,14.18,14.25,13.91,14.09,18698.97,12
2023-12-03 13:00:00,14.09,14.3,14.05,14.25,10212.02,13
2023-12-03 13:15:00,14.25,14.35,14.15,14.2,12076.96,13
2023-12-03 13:30:00,14.18,14.23,13.93,13.99,16978.21,13
2023-12-03 13:45:00,13.99,14.36,13.99,14.33,9914.79,13
2023-12-03 14:00:00,14.33,14.55,14.27,14.28,20776.17,14
2023-12-03 14:15:00,14.28,14.36,14.11,14.22,10753.31,14
2023-12-03 14:30:00,14.2,14.26,13.98,14.09,13428.26,14
2023-12-03 14:45:00,14.09,14.24,13.94,13.94,16970.24,14
2023-12-03 15:00:00,13.95,14.41,13.94,14.28,25181.05,15
2023-12-03 15:15:00,14.28,14.55,14.22,14.27,22110.35,15
2023-12-03 15:30:00,14.26,14.33,14.11,14.12,9511.0,15
2023-12-03 15:45:00,14.13,14.44,14.12,14.4,10504.52,15
2023-12-03 16:00:00,14.42,14.48,14.33,14.4,9701.58,16
2023-12-03 16:15:00,14.38,14.82,14.31,14.82,37120.12,16
2023-12-03 16:30:00,14.82,15.0,14.21,14.75,70698.33,16
2023-12-03 16:45:00,14.77,14.78,14.5,14.59,10842.98,16
2023-12-03 17:00:00,14.59,14.66,14.34,14.49,11989.7,17
2023-12-03 17:15:00,14.49,14.73,14.38,14.6,12972.63,17
2023-12-03 17:30:00,14.6,14.84,14.56,14.84,9676.78,17
2023-12-03 17:45:00,14.83,14.86,14.58,14.65,13501.84,17
2023-12-03 18:00:00,14.65,14.76,14.55,14.67,7573.15,18
2023-12-03 18:15:00,14.69,15.45,14.68,15.23,69342.01,18
2023-12-03 18:30:00,15.23,15.49,15.12,15.26,39376.26,18
2023-12-03 18:45:00,15.26,15.4,15.1,15.34,17511.0,18
2023-12-03 19:00:00,15.34,15.69,15.13,15.69,45541.3,19
2023-12-03 19:15:00,15.69,15.99,15.51,15.6,85389.3,19
2023-12-03 19:30:00,15.58,16.11,15.45,15.55,71354.45,19
2023-12-03 19:45:00,15.56,15.73,15.16,15.3,38951.99,19
2023-12-03 20:00:00,15.3,15.84,15.15,15.76,34034.65,20
2023-12-03 20:15:00,15.76,15.89,15.59,15.71,25428.86,20
2023-12-03 20:30:00,15.74,15.76,15.48,15.6,11295.46,20
2023-12-03 20:45:00,15.6,15.61,14.8,15.08,55450.23,20
2023-12-03 21:00:00,15.08,15.68,15.04,15.67,32089.31,21
2023-12-03 21:15:00,15.65,15.67,15.35,15.47,12602.06,21
2023-12-03 21:30:00,15.44,15.48,15.05,15.11,29025.04,21
2023-12-03 21:45:00,15.09,15.24,14.92,15.23,21955.16,21
2023-12-03 22:00:00,15.22,15.36,14.95,15.1,18194.56,22
2023-12-03 22:15:00,15.1,15.84,14.98,15.8,48403.72,22
2023-12-03 22:30:00,15.76,16.0,15.45,15.64,53180.96,22
2023-12-03 22:45:00,15.62,16.1,15.61,15.89,53229.49,22
2023-12-03 23:00:00,15.89,16.68,15.64,16.62,98014.52,23
2023-12-03 23:15:00,16.63,17.3,16.0,16.26,245933.75,23
2023-12-03 23:30:00,16.26,16.47,15.84,16.19,69587.11,23
2023-12-03 23:45:00,16.18,16.44,15.68,16.28,71586.94,23
2023-12-04 00:00:00,16.3,16.9,15.87,16.26,61056.08,0
2023-12-04 00:15:00,16.26,16.35,16.1,16.15,22675.42,0
2023-12-04 00:30:00,16.16,16.28,15.93,16.05,18406.96,0
2023-12-04 00:45:00,16.07,16.24,15.95,16.06,26367.34,0
2023-12-04 01:00:00,16.06,16.11,15.15,15.19,79420.89,1
2023-12-04 01:15:00,15.22,15.68,15.1,15.4,40019.24,1
2023-12-04 01:30:00,15.41,15.81,15.41,15.62,18337.45,1
2023-12-04 01:45:00,15.62,15.68,15.25,15.56,25691.7,1
2023-12-04 02:00:00,15.57,15.57,15.26,15.34,15271.4,2
2023-12-04 02:15:00,15.34,15.49,15.29,15.39,13714.99,2
2023-12-04 02:30:00,15.38,15.51,15.32,15.37,22241.04,2
2023-12-04 02:45:00,15.37,15.42,15.2,15.26,10007.86,2
2023-12-04 03:00:00,15.26,15.51,15.26,15.45,10177.36,3
2023-12-04 03:15:00,15.45,15.65,15.41,15.52,6843.1,3
2023-12-04 03:30:00,15.51,15.54,15.2,15.23,7389.91,3
2023-12-04 03:45:00,15.23,15.4,15.2,15.35,4246.35,3
2023-12-04 04:00:00,15.35,15.5,15.27,15.46,11336.79,4
2023-12-04 04:15:00,15.46,15.7,15.35,15.37,14806.61,4
2023-12-04 04:30:00,15.37,15.47,15.3,15.43,4265.59,4
2023-12-04 04:45:00,15.41,15.45,15.25,15.38,6264.37,4
2023-12-04 05:00:00,15.35,15.52,15.33,15.38,4616.92,5
2023-12-04 05:15:00,15.38,15.47,15.35,15.45,5086.22,5
2023-12-04 05:30:00,15.46,15.5,15.38,15.42,5701.72,5
2023-12-04 05:45:00,15.43,15.51,15.35,15.43,8183.88,5
2023-12-04 06:00:00,15.43,15.48,15.25,15.27,9639.67,6
2023-12-04 06:15:00,15.27,15.36,14.8,15.02,58881.19,6
2023-12-04 06:30:00,15.02,15.16,14.81,14.82,11995.49,6
2023-12-04 06:45:00,14.85,15.07,14.7,14.99,25114.75,6
2023-12-04 07:00:00,14.99,15.21,14.96,15.12,14404.65,7
2023-12-04 07:15:00,15.12,15.28,15.07,15.16,9078.88,7
2023-12-04 07:30:00,15.17,15.5,15.17,15.42,8982.25,7
2023-12-04 07:45:00,15.42,15.43,15.15,15.3,16066.75,7
2023-12-04 08:00:00,15.27,15.53,15.22,15.43,15634.93,8
2023-12-04 08:15:00,15.44,15.58,15.3,15.31,17560.8,8
2023-12-04 08:30:00,15.33,15.64,15.25,15.63,23973.13,8
2023-12-04 08:45:00,15.62,15.98,15.53,15.98,23069.64,8
2023-12-04 09:00:00,15.97,16.5,15.92,16.24,55214.47,9
2023-12-04 09:15:00,16.24,16.6,16.0,16.38,33623.24,9
2023-12-04 09:30:00,16.38,16.38,15.93,16.1,19814.15,9
2023-12-04 09:45:00,16.1,16.1,15.6,15.82,21084.95,9
2023-12-04 10:00:00,15.82,15.95,15.43,15.82,21854.91,10
2023-12-04 10:15:00,15.83,16.0,15.26,15.65,27144.2,10
2023-12-04 10:30:00,15.65,15.8,15.61,15.69,9158.02,10
2023-12-04 10:45:00,15.7,15.79,15.45,15.53,12257.89,10
2023-12-04 11:00:00,15.51,15.77,15.51,15.73,7090.49,11
2023-12-04 11:15:00,15.72,15.77,15.53,15.72,9719.24,11
2023-12-04 11:30:00,15.75,15.78,15.65,15.75,6979.65,11
2023-12-04 11:45:00,15.75,16.1,15.72,15.97,19194.15,11
2023-12-04 12:00:00,15.98,16.12,15.81,15.82,12128.75,12
2023-12-04 12:15:00,15.83,16.29,15.82,15.95,15099.08,12
2023-12-04 12:30:00,15.96,16.85,15.94,16.63,56793.62,12
2023-12-04 12:45:00,16.63,17.18,16.63,17.09,30685.94,12
2023-12-04 13:00:00,17.1,18.0,16.95,17.45,85954.63,13
2023-12-04 13:15:00,17.45,18.21,17.21,17.44,79117.22,13
2023-12-04 13:30:00,17.43,18.44,17.41,18.41,49959.36,13
2023-12-04 13:45:00,18.41,18.8,17.34,17.79,100358.73,13
2023-12-04 14:00:00,17.77,18.12,17.65,17.8,45436.3,14
2023-12-04 14:15:00,17.79,18.37,17.63,18.26,33515.81,14
2023-12-04 14:30:00,18.24,18.24,17.73,17.86,17501.63,14
2023-12-04 14:45:00,17.86,18.44,17.75,18.11,28925.29,14
2023-12-04 15:00:00,18.11,18.6,17.45,17.89,103087.43,15
2023-12-04 15:15:00,17.86,18.15,17.7,18.0,26873.55,15
2023-12-04 15:30:00,18.0,18.04,17.8,17.82,14039.96,15
2023-12-04 15:45:00,17.84,18.41,17.82,18.31,19386.29,15
2023-12-04 16:00:00,18.33,18.34,18.02,18.06,10730.44,16
2023-12-04 16:15:00,18.07,19.3,17.96,18.91,65345.85,16
2023-12-04 16:30:00,18.88,19.68,18.77,19.24,77830.17,16
2023-12-04 16:45:00,19.24,19.34,18.96,19.16,32796.98,16
2023-12-04 17:00:00,19.15,19.34,18.77,19.2,24859.04,17
2023-12-04 17:15:00,19.2,19.37,18.79,18.92,29687.6,17
2023-12-04 17:30:00,18.9,19.16,18.58,18.67,23033.7,17
2023-12-04 17:45:00,18.65,18.79,18.53,18.53,18968.0,17
2023-12-04 18:00:00,18.54,19.25,18.43,18.97,38270.14,18
2023-12-04 18:15:00,18.97,19.45,18.95,19.18,26980.49,18
2023-12-04 18:30:00,19.15,19.59,19.07,19.14,27509.56,18
2023-12-04 18:45:00,19.13,19.39,18.81,18.86,21419.06,18
2023-12-04 19:00:00,18.89,18.91,16.35,17.16,101209.13,19
2023-12-04 19:15:00,17.17,18.86,17.15,18.32,118204.72,19
2023-12-04 19:30:00,18.33,18.95,18.29,18.84,32414.59,19
2023-12-04 19:45:00,18.85,18.88,18.26,18.69,51386.6,19
2023-12-04 20:00:00,18.71,18.78,17.0,17.23,108206.55,20
2023-12-04 20:15:00,17.23,17.74,16.59,17.6,86236.95,20
2023-12-04 20:30:00,17.6,17.82,17.25,17.26,37491.33,20
2023-12-04 20:45:00,17.28,17.37,15.88,17.02,123681.82,20
2023-12-04 21:00:00,17.03,17.43,16.78,17.18,42322.94,21
2023-12-04 21:15:00,17.18,17.37,17.04,17.18,17870.74,21
2023-12-04 21:30:00,17.18,17.18,16.51,16.84,36163.64,21
2023-12-04 21:45:00,16.82,16.95,15.89,16.36,69476.54,21
2023-12-04 22:00:00,16.37,16.55,16.0,16.0,35794.42,22
2023-12-04 22:15:00,16.0,16.28,15.89,15.92,29910.75,22
2023-12-04 22:30:00,15.92,17.1,15.85,17.0,67074.68,22
2023-12-04 22:45:00,17.0,17.77,16.93,17.75,51248.61,22
2023-12-04 23:00:00,17.75,17.76,17.0,17.06,17778.08,23
2023-12-04 23:15:00,17.07,17.22,16.9,16.9,18507.83,23
2023-12-04 23:30:00,16.9,17.01,16.53,16.65,24647.43,23
2023-12-04 23:45:00,16.65,16.9,16.53,16.8,23619.43,23
2023-12-05 00:00:00,16.77,17.3,16.62,17.15,17327.88,0
2023-12-05 00:15:00,17.17,17.95,17.09,17.83,37707.2,0
2023-12-05 00:30:00,17.82,18.38,17.71,18.16,50878.02,0
2023-12-05 00:45:00,18.16,18.3,17.64,17.72,24732.99,0
2023-12-05 01:00:00,17.74,17.89,17.55,17.71,11572.4,1
2023-12-05 01:15:00,17.73,18.14,17.73,17.89,13828.0,1
2023-12-05 01:30:00,17.88,17.91,17.64,17.84,9929.85,1
2023-12-05 01:45:00,17.84,17.86,17.67,17.68,4492.53,1
2023-12-05 02:00:00,17.68,17.85,17.45,17.54,19131.62,2
2023-12-05 02:15:00,17.55,18.21,17.53,18.16,16995.97,2
2023-12-05 02:30:00,18.17,18.28,18.04,18.05,7333.37,2
2023-12-05 02:45:00,18.03,18.45,17.97,18.29,11583.08,2
2023-12-05 03:00:00,18.28,18.63,18.25,18.28,22826.12,3
2023-12-05 03:15:00,18.3,18.45,17.93,18.03,11657.45,3
2023-12-05 03:30:00,18.01,18.23,17.95,18.15,6817.18,3
2023-12-05 03:45:00,18.15,18.15,17.9,18.01,11108.37,3
2023-12-05 04:00:00,18.02,18.27,17.9,17.9,6072.86,4
2023-12-05 04:15:00,17.9,18.09,17.69,18.05,6802.54,4
2023-12-05 04:30:00,18.02,18.02,17.8,17.8,3811.46,4
2023-12-05 04:45:00,17.8,17.99,17.74,17.78,3562.38,4
2023-12-05 05:00:00,17.78,18.03,17.74,18.01,3412.2,5
2023-12-05 05:15:00,17.98,18.12,17.9,18.05,4878.27,5
2023-12-05 05:30:00,18.06,18.82,18.04,18.47,30896.23,5
2023-12-05 05:45:00,18.43,18.72,18.41,18.57,17953.27,5
2023-12-05 06:00:00,18.54,18.61,18.33,18.47,6468.17,6
2023-12-05 06:15:00,18.48,18.85,18.22,18.85,16289.28,6
2023-12-05 06:30:00,18.85,19.8,18.76,18.86,61080.5,6
2023-12-05 06:45:00,18.82,19.08,18.48,18.72,19576.3,6
2023-12-05 07:00:00,18.74,19.4,18.64,19.14,14534.5,7
2023-12-05 07:15:00,19.14,19.25,18.92,19.07,9942.42,7
2023-12-05 07:30:00,19.08,19.36,18.5,18.63,27887.76,7
2023-12-05 07:45:00,18.63,19.01,18.63,18.91,11480.65,7
2023-12-05 08:00:00,18.9,18.96,18.31,18.45,11659.84,8
2023-12-05 08:15:00,18.44,18.44,18.0,18.11,14710.23,8
2023-12-05 08:30:00,18.11,19.61,18.11,19.28,35168.61,8
2023-12-05 08:45:00,19.28,20.0,19.02,19.89,27108.87,8
2023-12-05 09:00:00,19.88,19.95,19.19,19.23,26992.93,9
2023-12-05 09:15:00,19.2,19.39,18.24,18.4,30463.56,9
2023-12-05 09:30:00,18.42,18.67,18.34,18.57,13281.37,9
2023-12-05 09:45:00,18.57,18.75,18.53,18.6,7587.61,9
2023-12-05 10:00:00,18.58,18.58,17.98,18.2,16652.68,10
2023-12-05 10:15:00,18.2,18.28,17.83,18.21,22735.44,10
2023-12-05 10:30:00,18.21,18.4,18.2,18.29,11092.92,10
2023-12-05 10:45:00,18.29,18.4,18.04,18.07,7494.24,10
2023-12-05 11:00:00,18.07,18.26,18.04,18.23,4614.72,11
2023-12-05 11:15:00,18.26,18.63,18.26,18.5,17755.29,11
2023-12-05 11:30:00,18.51,18.9,18.5,18.62,14285.08,11
2023-12-05 11:45:00,18.62,18.71,18.5,18.66,7327.41,11
2023-12-05 12:00:00,18.65,18.72,18.28,18.3,10247.89,12
2023-12-05 12:15:00,18.3,18.31,18.0,18.21,17353.92,12
2023-12-05 12:30:00,18.2,18.5,18.16,18.39,6111.61,12
2023-12-05 12:45:00,18.39,18.85,18.39,18.57,11207.95,12
2023-12-05 13:00:00,18.57,18.91,18.52,18.86,8480.62,13
2023-12-05 13:15:00,18.86,19.28,18.74,19.15,9120.13,13
2023-12-05 13:30:00,19.16,20.0,19.1,19.97,47681.1,13
2023-12-05 13:45:00,19.99,20.35,19.76,19.86,51274.29,13
2023-12-05 14:00:00,19.84,20.37,19.7,20.2,31520.78,14
2023-12-05 14:15:00,20.17,20.68,20.17,20.2,38460.96,14
2023-12-05 14:30:00,20.21,20.68,20.01,20.61,33366.35,14
2023-12-05 14:45:00,20.63,20.95,20.5,20.79,33207.92,14
2023-12-05 15:00:00,20.79,20.79,20.06,20.33,38737.32,15
2023-12-05 15:15:00,20.33,20.37,19.9,19.95,33801.07,15
2023-12-05 15:30:00,19.95,20.0,19.34,19.43,49909.94,15
2023-12-05 15:45:00,19.43,20.0,19.41,19.89,23505.22,15
2023-12-05 16:00:00,19.9,21.0,19.78,20.88,52395.91,16
2023-12-05 16:15:00,20.88,20.92,19.72,19.89,31887.28,16
2023-12-05 16:30:00,19.89,19.89,19.35,19.37,23692.43,16
2023-12-05 16:45:00,19.41,19.75,19.38,19.61,13572.91,16
2023-12-05 17:00:00,19.62,20.01,19.56,20.01,16011.75,17
2023-12-05 17:15:00,19.99,20.33,19.95,20.06,17188.6,17
2023-12-05 17:30:00,20.08,20.3,19.97,20.02,7076.7,17
2023-12-05 17:45:00,20.01,20.1,19.76,19.82,14030.13,17
2023-12-05 18:00:00,19.82,19.91,19.62,19.77,8099.46,18
2023-12-05 18:15:00,19.75,20.06,19.68,20.05,8581.0,18
2023-12-05 18:30:00,20.05,20.1,19.76,19.84,16290.86,18
2023-12-05 18:45:00,19.86,19.87,19.32,19.33,16165.74,18
2023-12-05 19:00:00,19.34,19.4,19.05,19.3,37683.34,19
2023-12-05 19:15:00,19.31,19.65,19.31,19.59,6877.75,19
2023-12-05 19:30:00,19.59,19.67,19.31,19.52,9948.15,19
2023-12-05 19:45:00,19.51,19.51,19.3,19.34,9740.26,19
2023-12-05 20:00:00,19.34,19.92,19.13,19.81,18525.42,20
2023-12-05 20:15:00,19.8,19.83,19.61,19.65,6416.1,20
2023-12-05 20:30:00,19.64,19.65,19.31,19.32,21121.47,20
2023-12-05 20:45:00,19.33,19.37,19.15,19.17,10049.75,20
2023-12-05 21:00:00,19.16,19.74,19.16,19.74,11792.06,21
2023-12-05 21:15:00,19.71,19.88,19.48,19.51,18308.71,21
2023-12-05 21:30:00,19.5,19.69,19.06,19.18,19054.41,21
2023-12-05 21:45:00,19.17,19.25,18.88,18.94,17544.34,21
2023-12-05 22:00:00,18.95,19.06,18.61,18.7,27005.91,22
2023-12-05 22:15:00,18.7,19.1,18.68,19.07,11655.02,22
2023-12-05 22:30:00,19.07,19.24,19.02,19.17,14525.84,22
2023-12-05 22:45:00,19.17,19.5,19.13,19.35,10324.77,22
2023-12-05 23:00:00,19.39,19.39,19.2,19.34,7046.41,23
2023-12-05 23:15:00,19.35,19.54,19.31,19.54,3687.4,23
2023-12-05 23:30:00,19.55,19.98,19.33,19.94,34666.4,23
2023-12-05 23:45:00,19.94,19.98,19.34,19.48,19159.82,23
2023-12-06 00:00:00,19.48,20.97,19.29,20.95,60392.52,0
2023-12-06 00:15:00,20.95,21.5,20.62,21.49,122693.08,0
2023-12-06 00:30:00,21.49,21.5,20.73,20.88,48312.78,0
2023-12-06 00:45:00,20.86,21.07,20.64,20.81,25754.79,0
2023-12-06 01:00:00,20.8,21.32,20.66,21.23,28735.28,1
2023-12-06 01:15:00,21.25,21.48,20.82,20.88,29282.25,1
2023-12-06 01:30:00,20.88,20.93,19.71,19.87,65067.44,1
2023-12-06 01:45:00,19.85,20.9,19.85,20.76,26416.04,1
2023-12-06 02:00:00,20.74,20.91,20.7,20.77,11378.89,2
2023-12-06 02:15:00,20.75,21.22,20.47,21.06,18999.56,2
2023-12-06 02:30:00,21.09,21.39,20.94,21.18,16927.55,2
2023-12-06 02:45:00,21.16,21.4,20.69,20.79,13951.89,2
2023-12-06 03:00:00,20.79,20.89,20.3,20.51,9945.14,3
2023-12-06 03:15:00,20.51,20.59,20.26,20.34,10115.54,3
2023-12-06 03:30:00,20.35,20.53,20.22,20.38,7730.04,3
2023-12-06 03:45:00,20.38,20.56,20.25,20.3,3685.75,3
2023-12-06 04:00:00,20.32,20.52,20.2,20.39,6336.42,4
2023-12-06 04:15:00,20.39,20.39,19.93,20.22,10725.72,4
2023-12-06 04:30:00,20.2,20.32,20.07,20.18,4557.89,4
2023-12-06 04:45:00,20.18,20.2,20.04,20.17,2030.58,4
2023-12-06 05:00:00,20.14,20.17,20.0,20.09,3156.31,5
2023-12-06 05:15:00,20.11,20.37,20.09,20.18,4005.82,5
2023-12-06 05:30:00,20.2,20.24,19.9,20.0,3926.53,5
2023-12-06 05:45:00,19.99,20.09,19.88,20.05,5867.67,5
2023-12-06 06:00:00,20.08,20.13,19.75,19.85,9002.88,6
2023-12-06 06:15:00,19.85,19.89,19.66,19.7,3562.54,6
2023-12-06 06:30:00,19.7,19.71,19.51,19.6,9433.57,6
2023-12-06 06:45:00,19.61,19.81,19.5,19.59,6720.3,6
2023-12-06 07:00:00,19.56,19.56,18.0,18.06,121643.73,7
2023-12-06 07:15:00,18.06,18.09,17.68,17.73,39406.64,7
2023-12-06 07:30:00,17.73,17.78,16.89,17.62,69770.43,7
2023-12-06 07:45:00,17.6,17.99,17.58,17.81,25192.78,7
2023-12-06 08:00:00,17.84,18.56,17.8,18.51,38939.01,8
2023-12-06 08:15:00,18.51,18.51,18.02,18.04,19945.86,8
2023-12-06 08:30:00,18.04,18.65,18.04,18.59,12525.91,8
2023-12-06 08:45:00,18.62,18.66,18.51,18.54,9806.6,8
2023-12-06 09:00:00,18.54,19.03,18.5,19.0,18761.01,9
2023-12-06 09:15:00,18.99,19.22,18.89,19.09,13703.19,9
2023-12-06 09:30:00,19.08,19.99,19.06,19.68,44043.38,9
2023-12-06 09:45:00,19.68,20.12,19.25,19.74,21487.25,9
2023-12-06 10:00:00,19.76,21.05,19.74,20.95,75142.44,10
2023-12-06 10:15:00,20.95,21.01,20.6,20.6,23405.26,10
2023-12-06 10:30:00,20.6,21.48,20.18,21.45,49732.08,10
2023-12-06 10:45:00,21.44,21.5,20.74,21.34,31461.72,10
2023-12-06 11:00:00,21.35,21.48,20.99,21.06,19126.35,11
2023-12-06 11:15:00,21.06,21.12,20.65,20.72,13353.09,11
2023-12-06 11:30:00,20.73,20.87,20.44,20.46,14309.68,11
2023-12-06 11:45:00,20.46,21.25,20.42,21.13,12059.68,11
2023-12-06 12:00:00,21.17,21.34,20.85,21.18,15270.17,12
2023-12-06 12:15:00,21.15,21.15,20.45,20.49,15547.93,12
2023-12-06 12:30:00,20.5,20.95,20.4,20.71,29262.89,12
2023-12-06 12:45:00,20.66,20.71,20.44,20.49,23045.61,12
2023-12-06 13:00:00,20.49,20.51,19.85,20.07,23526.09,13
2023-12-06 13:15:00,20.07,20.09,18.62,19.34,93417.6,13
2023-12-06 13:30:00,19.37,19.37,18.49,18.74,60339.82,13
2023-12-06 13:45:00,18.74,19.26,18.74,19.14,33495.18,13
2023-12-06 14:00:00,19.14,19.27,18.05,18.19,68391.5,14
2023-12-06 14:15:00,18.18,19.17,18.09,19.12,43394.16,14
2023-12-06 14:30:00,19.13,19.57,18.87,19.18,29763.52,14
2023-12-06 14:45:00,19.17,19.4,18.89,18.97,21846.67,14
2023-12-06 15:00:00,18.95,19.17,18.72,18.76,16832.35,15
2023-12-06 15:15:00,18.76,18.81,18.39,18.75,20658.9,15
2023-12-06 15:30:00,18.75,20.05,18.47,19.72,46993.47,15
2023-12-06 15:45:00,19.74,19.75,19.3,19.44,16586.09,15
2023-12-06 16:00:00,19.39,19.49,19.01,19.14,13821.89,16
2023-12-06 16:15:00,19.14,19.32,18.93,18.99,9606.48,16
2023-12-06 16:30:00,19.0,19.09,18.81,19.04,11295.98,16
2023-12-06 16:45:00,19.07,19.09,18.79,18.85,7763.18,16
2023-12-06 17:00:00,18.86,19.01,18.54,18.56,16113.02,17
2023-12-06 17:15:00,18.59,18.98,18.57,18.64,14696.0,17
2023-12-06 17:30:00,18.64,18.79,18.29,18.29,18819.09,17
2023-12-06 17:45:00,18.31,18.34,17.85,17.89,37147.96,17
2023-12-06 18:00:00,17.89,18.14,17.61,17.65,37650.8,18
2023-12-06 18:15:00,17.67,17.85,17.28,17.69,44153.92,18
2023-12-06 18:30:00,17.68,18.0,17.68,17.77,17910.4,18
2023-12-06 18:45:00,17.78,17.89,17.38,17.39,26142.54,18
2023-12-06 19:00:00,17.37,17.48,17.0,17.0,40995.64,19
2023-12-06 19:15:00,17.0,17.18,16.54,16.69,67857.66,19
2023-12-06 19:30:00,16.69,17.52,16.24,17.34,61459.25,19
2023-12-06 19:45:00,17.34,17.44,16.95,17.37,31289.71,19
2023-12-06 20:00:00,17.37,17.44,16.75,16.85,24131.02,20
2023-12-06 20:15:00,16.83,16.92,16.56,16.57,13520.87,20
2023-12-06 20:30:00,16.6,17.25,16.5,17.18,20586.32,20
2023-12-06 20:45:00,17.18,17.85,16.96,17.53,47561.4,20
2023-12-06 21:00:00,17.53,17.76,17.45,17.57,19476.5,21
2023-12-06 21:15:00,17.6,17.68,16.97,17.03,14046.18,21
2023-12-06 21:30:00,17.06,17.08,16.86,16.91,9639.48,21
2023-12-06 21:45:00,16.91,17.08,16.75,17.04,12381.42,21
2023-12-06 22:00:00,17.03,17.09,16.5,16.77,15290.1,22
2023-12-06 22:15:00,16.79,16.93,16.7,16.89,5539.99,22
2023-12-06 22:30:00,16.89,17.36,16.89,17.34,19181.27,22
2023-12-06 22:45:00,17.34,17.39,16.9,16.98,11921.43,22
2023-12-06 23:00:00,16.99,17.37,16.96,17.3,6446.26,23
2023-12-06 23:15:00,17.27,17.48,17.2,17.21,7538.46,23
2023-12-06 23:30:00,17.23,17.66,16.98,17.66,46582.21,23
2023-12-06 23:45:00,17.64,18.51,17.6,18.26,55600.56,23
2023-12-07 00:00:00,18.27,18.35,17.73,17.79,29495.92,0
2023-12-07 00:15:00,17.75,18.27,17.64,18.03,29153.78,0
2023-12-07 00:30:00,18.01,18.34,17.89,18.28,21755.89,0
2023-12-07 00:45:00,18.28,18.4,17.67,17.81,17849.39,0
2023-12-07 01:00:00,17.84,18.05,17.84,17.91,5021.27,1
2023-12-07 01:15:00,17.93,18.91,17.93,18.77,24908.71,1
2023-12-07 01:30:00,18.75,19.13,18.55,19.11,21539.2,1
2023-12-07 01:45:00,19.13,19.58,18.99,19.24,39152.84,1
2023-12-07 02:00:00,19.27,19.57,18.89,19.53,17165.1,2
2023-12-07 02:15:00,19.5,19.59,19.07,19.09,10690.94,2
2023-12-07 02:30:00,19.12,19.23,19.0,19.16,9049.44,2
2023-12-07 02:45:00,19.12,19.12,18.84,18.89,11232.89,2
2023-12-07 03:00:00,18.89,18.94,18.64,18.73,6995.05,3
2023-12-07 03:15:00,18.73,18.96,18.68,18.71,5766.58,3
2023-12-07 03:30:00,18.73,18.97,18.63,18.97,9053.01,3
2023-12-07 03:45:00,18.93,19.03,18.65,18.71,7821.4,3
2023-12-07 04:00:00,18.73,18.79,18.61,18.69,6153.23,4
2023-12-07 04:15:00,18.67,18.68,18.44,18.56,4181.04,4
2023-12-07 04:30:00,18.56,18.68,18.45,18.49,3669.07,4
2023-12-07 04:45:00,18.48,18.52,18.18,18.2,9811.84,4
2023-12-07 05:00:00,18.19,18.5,18.19,18.43,5621.23,5
2023-12-07 05:15:00,18.43,18.56,18.35,18.53,3451.94,5
2023-12-07 05:30:00,18.53,18.56,17.85,17.98,18639.93,5
2023-12-07 05:45:00,17.98,18.15,17.96,17.99,6095.29,5
2023-12-07 06:00:00,17.99,18.1,17.9,18.01,4177.19,6
2023-12-07 06:15:00,18.01,18.03,17.84,17.89,3156.26,6
2023-12-07 06:30:00,17.88,17.92,17.54,17.56,14446.71,6
2023-12-07 06:45:00,17.55,17.76,17.4,17.66,10367.98,6
2023-12-07 07:00:00,17.66,17.8,17.5,17.61,7540.27,7
2023-12-07 07:15:00,17.61,17.72,17.4,17.45,7149.96,7
2023-12-07 07:30:00,17.47,17.62,17.39,17.62,3994.73,7
2023-12-07 07:45:00,17.62,17.73,17.46,17.5,16036.61,7
2023-12-07 08:00:00,17.5,17.64,17.22,17.42,11909.98,8
2023-12-07 08:15:00,17.43,18.3,17.43,18.22,26174.32,8
2023-12-07 08:30:00,18.22,18.33,17.97,18.21,11772.8,8
2023-12-07 08:45:00,18.22,18.42,18.09,18.12,7349.19,8
2023-12-07 09:00:00,18.1,18.82,18.1,18.81,14129.73,9
2023-12-07 09:15:00,18.81,19.3,18.58,19.07,25920.37,9
2023-12-07 09:30:00,19.1,19.15,18.67,19.11,16513.43,9
2023-12-07 09:45:00,19.13,19.35,18.69,18.7,16548.0,9
2023-12-07 10:00:00,18.72,19.01,18.71,18.77,8920.99,10
2023-12-07 10:15:00,18.8,18.97,18.65,18.73,7992.25,10
2023-12-07 10:30:00,18.75,18.79,18.35,18.47,14846.72,10
2023-12-07 10:45:00,18.47,18.54,18.26,18.28,9600.78,10
2023-12-07 11:00:00,18.29,18.56,18.26,18.44,10887.97,11
2023-12-07 11:15:00,18.45,18.6,18.45,18.5,8016.38,11
2023-12-07 11:30:00,18.47,18.59,18.46,18.58,6605.94,11
2023-12-07 11:45:00,18.57,18.6,18.38,18.6,9026.63,11
2023-12-07 12:00:00,18.59,18.66,18.44,18.65,7769.93,12
2023-12-07 12:15:00,18.66,18.77,18.32,18.55,8168.29,12
2023-12-07 12:30:00,18.53,18.96,18.44,18.75,10206.65,12
2023-12-07 12:45:00,18.75,18.75,18.49,18.58,13872.22,12
2023-12-07 13:00:00,18.58,18.69,18.5,18.61,5064.22,13
2023-12-07 13:15:00,18.6,18.65,18.43,18.59,10000.38,13
2023-12-07 13:30:00,18.57,18.87,18.35,18.35,18080.89,13
2023-12-07 13:45:00,18.37,18.41,18.24,18.31,9198.87,13
2023-12-07 14:00:00,18.28,18.44,18.22,18.33,12114.86,14
2023-12-07 14:15:00,18.33,18.39,17.96,18.08,18452.74,14
2023-12-07 14:30:00,18.06,18.06,17.9,17.9,7166.31,14
2023-12-07 14:45:00,17.9,17.92,17.65,17.72,17411.98,14
2023-12-07 15:00:00,17.72,17.73,17.55,17.56,12742.73,15
2023-12-07 15:15:00,17.56,17.7,17.45,17.62,12144.26,15
2023-12-07 15:30:00,17.62,17.8,17.58,17.74,12920.99,15
2023-12-07 15:45:00,17.75,17.96,17.71,17.84,10716.89,15
2023-12-07 16:00:00,17.84,17.93,17.62,17.67,10060.43,16
2023-12-07 16:15:00,17.65,17.78,17.42,17.44,17235.01,16
2023-12-07 16:30:00,17.44,17.68,17.38,17.67,8690.96,16
2023-12-07 16:45:00,17.66,17.77,17.38,17.41,8158.42,16
2023-12-07 17:00:00,17.41,17.5,16.81,16.91,38287.53,17
2023-12-07 17:15:00,16.92,17.14,16.5,16.63,48863.04,17
2023-12-07 17:30:00,16.63,17.24,16.62,17.17,24351.54,17
2023-12-07 17:45:00,17.17,17.27,16.79,16.97,17085.78,17
2023-12-07 18:00:00,16.97,17.17,16.65,16.7,17173.92,18
2023-12-07 18:15:00,16.7,16.88,16.56,16.65,19643.48,18
2023-12-07 18:30:00,16.65,16.91,16.64,16.9,9360.02,18
2023-12-07 18:45:00,16.9,17.01,16.8,16.9,7410.16,18
2023-12-07 19:00:00,16.89,17.07,16.88,17.02,6250.45,19
2023-12-07 19:15:00,17.02,17.12,17.0,17.03,4296.6,19
2023-12-07 19:30:00,17.04,17.07,16.79,16.83,6179.33,19
2023-12-07 19:45:00,16.83,17.03,16.79,16.97,6798.62,19
2023-12-07 20:00:00,16.98,17.14,16.89,17.09,11844.33,20
2023-12-07 20:15:00,17.09,17.24,17.04,17.18,11956.34,20
2023-12-07 20:30:00,17.19,17.56,17.19,17.42,21746.02,20
2023-12-07 20:45:00,17.41,17.5,17.32,17.36,11391.99,20
2023-12-07 21:00:00,17.36,17.45,17.18,17.2,23896.03,21
2023-12-07 21:15:00,17.18,17.21,16.98,17.08,13133.14,21
2023-12-07 21:30:00,17.07,17.09,16.85,16.86,9550.2,21
2023-12-07 21:45:00,16.86,16.98,16.8,16.84,9019.25,21
2023-12-07 22:00:00,16.87,17.0,16.8,16.86,10416.25,22
2023-12-07 22:15:00,16.83,17.0,16.77,16.98,9164.96,22
2023-12-07 22:30:00,16.98,17.0,16.9,16.94,5656.17,22
2023-12-07 22:45:00,16.93,17.22,16.9,17.14,11685.42,22
2023-12-07 23:00:00,17.14,17.26,16.92,16.92,7946.74,23
2023-12-07 23:15:00,16.94,17.1,16.94,17.0,6498.04,23
2023-12-07 23:30:00,17.01,17.34,17.01,17.3,13781.65,23
2023-12-07 23:45:00,17.31,17.32,16.88,16.91,9680.75,23
2023-12-08 00:00:00,16.91,16.94,16.53,16.61,29763.88,0
2023-12-08 00:15:00,16.61,16.68,16.21,16.45,33590.92,0
2023-12-08 00:30:00,16.45,16.57,16.16,16.39,29142.47,0
2023-12-08 00:45:00,16.39,16.4,16.1,16.15,18432.54,0
2023-12-08 01:00:00,16.14,16.29,16.0,16.05,18299.62,1
2023-12-08 01:15:00,16.05,16.1,15.95,15.98,28325.12,1
2023-12-08 01:30:00,15.97,16.17,15.95,16.02,9458.87,1
2023-12-08 01:45:00,16.02,16.1,15.93,15.97,8280.98,1
2023-12-08 02:00:00,15.97,16.51,15.96,16.11,28138.03,2
2023-12-08 02:15:00,16.1,16.34,15.96,16.25,15054.15,2
2023-12-08 02:30:00,16.25,16.25,16.14,16.15,3307.39,2
2023-12-08 02:45:00,16.15,16.39,16.15,16.35,8522.46,2
2023-12-08 03:00:00,16.33,16.44,16.29,16.31,16326.16,3
2023-12-08 03:15:00,16.33,16.43,16.33,16.35,7625.57,3
2023-12-08 03:30:00,16.34,16.55,16.34,16.4,12887.14,3
2023-12-08 03:45:00,16.4,16.53,16.37,16.4,12396.58,3
2023-12-08 04:00:00,16.39,16.65,16.38,16.55,9450.83,4
2023-12-08 04:15:00,16.55,16.65,16.42,16.45,8677.45,4
2023-12-08 04:30:00,16.45,16.47,16.17,16.26,5851.04,4
2023-12-08 04:45:00,16.24,16.24,16.15,16.17,4952.3,4
2023-12-08 05:00:00,16.16,16.29,16.15,16.21,8734.65,5
2023-12-08 05:15:00,16.23,16.32,16.2,16.22,4729.6,5
2023-12-08 05:30:00,16.23,16.4,16.2,16.27,3747.45,5
2023-12-08 05:45:00,16.26,16.26,16.08,16.17,7869.88,5
2023-12-08 06:00:00,16.14,16.17,16.09,16.14,2619.41,6
2023-12-08 06:15:00,16.17,16.5,16.17,16.42,7138.63,6
2023-12-08 06:30:00,16.41,16.51,16.33,16.5,3885.99,6
2023-12-08 06:45:00,16.51,16.56,16.37,16.41,6017.33,6
2023-12-08 07:00:00,16.41,16.47,16.31,16.34,5894.96,7
2023-12-08 07:15:00,16.35,16.51,16.35,16.5,3742.31,7
2023-12-08 07:30:00,16.52,16.52,16.32,16.44,3274.5,7
2023-12-08 07:45:00,16.46,16.63,16.38,16.61,7177.29,7
2023-12-08 08:00:00,16.62,16.68,16.46,16.51,10321.52,8
2023-12-08 08:15:00,16.49,16.52,16.33,16.38,6856.6,8
2023-12-08 08:30:00,16.36,16.42,16.22,16.23,10068.29,8
2023-12-08 08:45:00,16.23,16.26,16.1,16.14,9672.62,8
2023-12-08 09:00:00,16.14,16.16,15.66,15.75,33346.82,9
2023-12-08 09:15:00,15.76,15.81,15.47,15.56,38149.61,9
2023-12-08 09:30:00,15.55,15.68,15.31,15.52,26167.58,9
2023-12-08 09:45:00,15.53,15.68,15.39,15.67,20124.6,9
2023-12-08 10:00:00,15.68,15.71,15.51,15.64,11994.82,10
2023-12-08 10:15:00,15.64,15.81,15.56,15.58,17412.99,10
2023-12-08 10:30:00,15.57,15.67,15.5,15.55,9168.01,10
2023-12-08 10:45:00,15.55,15.6,15.34,15.37,11361.06,10
2023-12-08 11:00:00,15.37,15.47,15.28,15.35,22204.39,11
2023-12-08 11:15:00,15.36,15.67,15.36,15.51,20283.19,11
2023-12-08 11:30:00,15.53,15.69,15.47,15.66,9869.47,11
2023-12-08 11:45:00,15.66,15.83,15.59,15.78,13330.52,11
2023-12-08 12:00:00,15.8,15.95,15.7,15.81,17783.62,12
2023-12-08 12:15:00,15.81,15.98,15.78,15.85,10919.74,12
2023-12-08 12:30:00,15.83,16.0,15.8,15.95,6073.67,12
2023-12-08 12:45:00,15.95,16.1,15.92,16.04,11387.29,12
2023-12-08 13:00:00,16.04,17.39,16.0,17.29,85393.03,13
2023-12-08 13:15:00,17.28,18.18,17.22,17.7,98632.8,13
2023-12-08 13:30:00,17.72,17.93,17.16,17.53,50489.18,13
2023-12-08 13:45:00,17.54,17.79,17.37,17.67,19460.63,13
2023-12-08 14:00:00,17.67,18.3,17.6,18.15,34592.08,14
2023-12-08 14:15:00,18.16,18.18,17.89,18.09,21320.85,14
2023-12-08 14:30:00,18.09,18.09,17.52,17.55,25651.01,14
2023-12-08 14:45:00,17.53,17.58,17.24,17.34,18929.86,14
2023-12-08 15:00:00,17.36,17.36,17.16,17.26,13938.22,15
2023-12-08 15:15:00,17.26,17.45,17.26,17.39,8198.16,15
2023-12-08 15:30:00,17.38,17.38,17.12,17.19,13408.63,15
2023-12-08 15:45:00,17.18,17.29,17.01,17.25,11096.46,15
2023-12-08 16:00:00,17.25,17.25,16.91,16.94,14814.8,16
2023-12-08 16:15:00,16.94,17.06,16.86,16.92,5808.44,16
2023-12-08 16:30:00,16.92,16.95,16.8,16.81,9505.17,16
2023-12-08 16:45:00,16.8,17.06,16.8,17.05,12660.95,16
2023-12-08 17:00:00,17.05,17.25,17.0,17.18,11863.79,17
2023-12-08 17:15:00,17.19,17.49,17.16,17.26,10660.57,17
2023-12-08 17:30:00,17.29,17.53,17.17,17.4,6589.76,17
2023-12-08 17:45:00,17.4,17.43,17.15,17.25,6657.42,17
2023-12-08 18:00:00,17.24,17.3,16.96,17.0,9720.19,18
2023-12-08 18:15:00,16.99,17.2,16.99,17.14,3982.59,18
2023-12-08 18:30:00,17.14,17.14,16.97,17.01,2934.63,18
2023-12-08 18:45:00,17.02,17.27,17.01,17.2,5760.33,18
2023-12-08 19:00:00,17.22,17.35,17.18,17.32,5309.74,19
2023-12-08 19:15:00,17.3,17.5,17.3,17.45,9903.39,19
2023-12-08 19:30:00,17.44,17.55,17.32,17.46,5666.08,19
2023-12-08 19:45:00,17.45,17.56,17.32,17.33,6656.72,19
2023-12-08 20:00:00,17.31,17.39,17.16,17.18,5126.72,20
2023-12-08 20:15:00,17.18,17.4,17.14,17.38,4732.3,20
2023-12-08 20:30:00,17.39,18.07,17.39,17.77,26664.88,20
2023-12-08 20:45:00,17.8,17.88,17.68,17.84,6685.73,20
2023-12-08 21:00:00,17.83,17.9,17.47,17.73,19824.06,21
2023-12-08 21:15:00,17.74,17.74,17.51,17.57,4090.66,21
2023-12-08 21:30:00,17.56,17.56,17.23,17.3,10452.92,21
2023-12-08 21:45:00,17.31,17.45,17.16,17.22,5623.12,21
2023-12-08 22:00:00,17.2,17.4,17.14,17.21,5886.4,22
2023-12-08 22:15:00,17.24,17.67,17.24,17.58,12890.11,22
2023-12-08 22:30:00,17.6,18.0,17.58,17.92,15772.21,22
2023-12-08 22:45:00,17.93,17.95,17.67,17.68,10125.37,22
2023-12-08 23:00:00,17.73,17.9,17.68,17.87,7226.2,23
2023-12-08 23:15:00,17.84,17.9,17.74,17.79,5297.22,23
2023-12-08 23:30:00,17.82,17.83,17.63,17.66,5128.95,23
2023-12-08 23:45:00,17.66,17.71,17.6,17.67,5448.45,23
2023-12-09 00:00:00,17.67,17.74,17.47,17.5,8458.24,0
2023-12-09 00:15:00,17.48,17.65,17.43,17.56,4517.11,0
2023-12-09 00:30:00,17.56,17.73,17.53,17.67,4430.9,0
2023-12-09 00:45:00,17.67,18.13,17.67,18.07,11711.79,0
2023-12-09 01:00:00,18.05,18.3,17.81,17.88,20209.07,1
2023-12-09 01:15:00,17.86,17.88,17.58,17.6,6701.46,1
2023-12-09 01:30:00,17.6,17.8,17.47,17.5,6262.1,1
2023-12-09 01:45:00,17.5,17.52,17.26,17.3,16448.13,1
2023-12-09 02:00:00,17.32,17.76,17.3,17.54,9735.74,2
2023-12-09 02:15:00,17.54,17.62,17.49,17.59,2417.25,2
2023-12-09 02:30:00,17.59,17.88,17.57,17.78,11372.6,2
2023-12-09 02:45:00,17.78,17.81,17.75,17.8,1876.35,2
2023-12-09 03:00:00,17.78,17.89,17.75,17.75,2554.69,3
2023-12-09 03:15:00,17.75,17.81,17.75,17.8,1625.99,3
2023-12-09 03:30:00,17.77,17.95,17.75,17.95,2454.95,3
2023-12-09 03:45:00,17.92,18.01,17.86,17.96,2910.94,3
2023-12-09 04:00:00,17.96,18.05,17.88,18.01,2659.04,4
2023-12-09 04:15:00,18.02,18.04,17.87,17.88,1493.99,4
2023-12-09 04:30:00,17.87,17.97,17.8,17.96,5156.56,4
2023-12-09 04:45:00,17.93,18.05,17.9,18.04,2830.8,4
2023-12-09 05:00:00,18.01,18.02,17.76,17.76,2974.06,5
2023-12-09 05:15:00,17.76,17.84,17.75,17.78,945.47,5
2023-12-09 05:30:00,17.78,18.0,17.75,17.79,6224.75,5
2023-12-09 05:45:00,17.79,17.94,17.75,17.91,2701.1,5
2023-12-09 06:00:00,17.93,17.95,17.75,17.84,4232.46,6
2023-12-09 06:15:00,17.86,17.89,17.77,17.78,520.59,6
2023-12-09 06:30:00,17.77,17.78,17.75,17.78,1000.49,6
2023-12-09 06:45:00,17.79,17.94,17.79,17.94,1000.25,6
2023-12-09 07:00:00,17.93,17.99,17.85,17.92,2989.0,7
2023-12-09 07:15:00,17.92,18.03,17.78,18.02,4755.38,7
2023-12-09 07:30:00,18.02,18.09,17.95,17.95,4557.2,7
2023-12-09 07:45:00,17.97,18.0,17.85,17.93,1571.94,7
2023-12-09 08:00:00,17.92,17.93,17.82,17.82,1432.62,8
2023-12-09 08:15:00,17.83,17.83,17.75,17.81,5925.35,8
2023-12-09 08:30:00,17.8,17.98,17.79,17.98,3895.99,8
2023-12-09 08:45:00,17.98,18.38,17.97,18.32,14379.44,8
2023-12-09 09:00:00,18.32,18.4,17.91,18.01,9931.71,9
2023-12-09 09:15:00,18.02,18.26,18.02,18.18,4178.83,9
2023-12-09 09:30:00,18.19,18.21,18.02,18.05,4521.97,9
2023-12-09 09:45:00,18.04,18.06,17.97,17.99,4344.82,9
2023-12-09 10:00:00,17.99,18.12,17.94,18.08,3234.29,10
2023-12-09 10:15:00,18.09,18.15,17.98,18.11,3434.19,10
2023-12-09 10:30:00,18.12,18.27,18.07,18.27,3486.63,10
2023-12-09 10:45:00,18.27,18.37,18.25,18.37,3592.34,10
2023-12-09 11:00:00,18.37,18.47,18.33,18.38,5551.81,11
2023-12-09 11:15:00,18.4,18.5,18.24,18.27,6611.71,11
2023-12-09 11:30:00,18.27,18.31,18.18,18.23,1065.35,11
2023-12-09 11:45:00,18.21,18.23,18.11,18.14,1285.15,11
2023-12-09 12:00:00,18.14,18.19,18.02,18.07,3987.2,12
2023-12-09 12:15:00,18.07,18.21,18.05,18.2,4387.26,12
2023-12-09 12:30:00,18.17,18.2,18.02,18.08,3444.36,12
2023-12-09 12:45:00,18.06,18.15,17.89,17.92,5389.71,12
2023-12-09 13:00:00,17.93,18.08,17.9,18.04,3995.05,13
2023-12-09 13:15:00,18.03,18.03,17.86,17.89,7516.51,13
2023-12-09 13:30:00,17.91,17.93,17.76,17.79,6072.63,13
2023-12-09 13:45:00,17.82,17.83,17.64,17.76,9500.73,13
2023-12-09 14:00:00,17.76,17.98,17.71,17.87,8607.0,14
2023-12-09 14:15:00,17.88,18.0,17.87,18.0,2821.17,14
2023-12-09 14:30:00,17.99,18.14,17.99,18.13,4718.0,14
2023-12-09 14:45:00,18.13,18.19,18.02,18.03,2372.99,14
2023-12-09 15:00:00,18.03,18.03,17.87,17.9,7020.85,15
2023-12-09 15:15:00,17.87,18.04,17.86,17.94,10063.6,15
2023-12-09 15:30:00,17.98,18.05,17.93,17.98,1323.16,15
2023-12-09 15:45:00,18.0,18.23,17.97,18.18,6008.66,15
2023-12-09 16:00:00,18.21,18.3,18.12,18.12,4715.79,16
2023-12-09 16:15:00,18.11,18.2,18.1,18.12,1818.81,16
2023-12-09 16:30:00,18.13,18.13,17.38,17.42,34227.67,16
2023-12-09 16:45:00,17.4,17.5,17.25,17.34,18612.48,16
2023-12-09 17:00:00,17.34,17.61,17.32,17.5,8228.36,17
2023-12-09 17:15:00,17.5,17.59,17.45,17.55,3965.43,17
2023-12-09 17:30:00,17.56,17.64,17.48,17.48,8778.89,17
2023-12-09 17:45:00,17.48,17.61,17.19,17.36,19583.01,17
2023-12-09 18:00:00,17.36,17.43,17.19,17.21,13333.53,18
2023-12-09 18:15:00,17.21,17.27,17.04,17.18,13171.94,18
2023-12-09 18:30:00,17.18,17.37,17.17,17.34,5944.0,18
2023-12-09 18:45:00,17.34,17.5,17.32,17.46,3825.62,18
2023-12-09 19:00:00,17.45,17.48,17.42,17.42,1875.47,19
2023-12-09 19:15:00,17.42,17.5,17.33,17.33,6800.11,19
2023-12-09 19:30:00,17.34,17.41,17.27,17.31,6596.77,19
2023-12-09 19:45:00,17.31,17.47,17.3,17.4,4831.69,19
2023-12-09 20:00:00,17.42,17.5,17.4,17.48,2011.3,20
2023-12-09 20:15:00,17.47,17.49,17.32,17.37,2638.67,20
2023-12-09 20:30:00,17.35,17.49,17.31,17.41,4679.69,20
2023-12-09 20:45:00,17.41,17.51,17.36,17.39,4115.95,20
2023-12-09 21:00:00,17.37,17.49,17.37,17.39,3123.07,21
2023-12-09 21:15:00,17.38,17.43,17.38,17.4,2947.17,21
2023-12-09 21:30:00,17.41,17.46,17.31,17.32,10756.35,21
2023-12-09 21:45:00,17.3,17.39,17.26,17.36,4159.13,21
2023-12-09 22:00:00,17.35,17.43,17.27,17.4,3034.31,22
2023-12-09 22:15:00,17.38,17.43,17.34,17.39,1768.96,22
2023-12-09 22:30:00,17.35,17.51,17.04,17.11,11505.66,22
2023-12-09 22:45:00,17.14,17.22,17.04,17.22,9515.42,22
2023-12-09 23:00:00,17.2,17.24,17.12,17.12,3712.22,23
2023-12-09 23:15:00,17.12,17.19,17.03,17.05,9205.69,23
2023-12-09 23:30:00,17.05,17.14,17.04,17.06,3331.8,23
2023-12-09 23:45:00,17.08,17.34,17.06,17.22,19020.37,23
2023-12-10 00:00:00,17.22,17.23,17.12,17.12,3257.83,0
2023-12-10 00:15:00,17.13,17.15,16.98,17.03,9468.6,0
2023-12-10 00:30:00,17.03,17.19,17.03,17.14,4503.16,0
2023-12-10 00:45:00,17.11,17.18,17.08,17.16,1958.15,0
2023-12-10 01:00:00,17.15,17.15,16.82,16.88,7630.96,1
2023-12-10 01:15:00,16.88,16.91,16.66,16.88,14312.08,1
2023-12-10 01:30:00,16.86,16.91,16.63,16.69,15919.56,1
2023-12-10 01:45:00,16.68,16.68,16.48,16.51,27069.18,1
2023-12-10 02:00:00,16.51,16.76,16.48,16.68,9429.95,2
2023-12-10 02:15:00,16.68,16.82,16.68,16.82,4002.31,2
2023-12-10 02:30:00,16.8,17.0,16.79,16.98,21355.33,2
2023-12-10 02:45:00,16.98,17.0,16.95,16.99,2204.94,2
2023-12-10 03:00:00,16.98,16.98,16.79,16.84,10135.62,3
2023-12-10 03:15:00,16.84,16.84,16.76,16.8,4256.52,3
2023-12-10 03:30:00,16.79,16.8,16.76,16.78,964.19,3
2023-12-10 03:45:00,16.8,16.82,16.72,16.76,1304.29,3
2023-12-10 04:00:00,16.76,16.84,16.7,16.81,3246.7,4
2023-12-10 04:15:00,16.78,16.81,16.73,16.73,2755.23,4
2023-12-10 04:30:00,16.73,16.77,16.67,16.77,1933.0,4
2023-12-10 04:45:00,16.77,16.77,16.67,16.67,548.41,4
2023-12-10 05:00:00,16.68,16.7,16.57,16.57,924.2,5
2023-12-10 05:15:00,16.59,16.7,16.59,16.69,1341.96,5
2023-12-10 05:30:00,16.69,16.84,16.69,16.83,1372.02,5
2023-12-10 05:45:00,16.83,16.83,16.77,16.82,754.1,5
2023-12-10 06:00:00,16.8,16.9,16.76,16.88,1505.87,6
2023-12-10 06:15:00,16.88,16.9,16.85,16.89,588.48,6
2023-12-10 06:30:00,16.89,16.9,16.85,16.86,1288.36,6
2023-12-10 06:45:00,16.88,16.88,16.73,16.75,1533.39,6
2023-12-10 07:00:00,16.77,16.83,16.76,16.79,1073.26,7
2023-12-10 07:15:00,16.81,16.83,16.62,16.65,1279.5,7
2023-12-10 07:30:00,16.62,16.64,16.41,16.49,4776.2,7
2023-12-10 07:45:00,16.51,16.55,16.41,16.44,7275.71,7
2023-12-10 08:00:00,16.44,16.44,16.36,16.38,9085.44,8
2023-12-10 08:15:00,16.4,16.79,16.39,16.68,11503.98,8
2023-12-10 08:30:00,16.68,16.84,16.61,16.81,10702.87,8
2023-12-10 08:45:00,16.81,16.97,16.78,16.87,3613.65,8
2023-12-10 09:00:00,16.86,16.86,16.68,16.71,2376.15,9
2023-12-10 09:15:00,16.71,16.8,16.62,16.76,1052.6,9
2023-12-10 09:30:00,16.77,16.82,16.75,16.82,2407.24,9
2023-12-10 09:45:00,16.81,16.82,16.75,16.82,920.44,9
2023-12-10 10:00:00,16.81,16.82,16.72,16.79,3207.13,10
2023-12-10 10:15:00,16.79,16.8,16.69,16.69,4536.52,10
2023-12-10 10:30:00,16.72,16.82,16.7,16.76,1949.4,10
2023-12-10 10:45:00,16.79,16.79,16.68,16.71,2487.65,10
2023-12-10 11:00:00,16.72,16.75,16.6,16.63,5438.29,11
2023-12-10 11:15:00,16.62,16.62,16.54,16.54,3773.99,11
2023-12-10 11:30:00,16.56,16.63,16.54,16.63,1866.0,11
2023-12-10 11:45:00,16.63,16.67,16.59,16.61,2933.21,11
2023-12-10 12:00:00,16.61,16.61,16.45,16.49,2835.47,12
2023-12-10 12:15:00,16.49,16.56,16.46,16.55,725.83,12
2023-12-10 12:30:00,16.55,16.66,16.52,16.66,2130.57,12
2023-12-10 12:45:00,16.67,16.69,16.62,16.67,2112.5,12
2023-12-10 13:00:00,16.7,16.7,16.57,16.63,2048.64,13
2023-12-10 13:15:00,16.58,16.7,16.58,16.7,4247.23,13
2023-12-10 13:30:00,16.7,16.89,16.69,16.83,11789.85,13
2023-12-10 13:45:00,16.82,16.92,16.79,16.91,4308.81,13
2023-12-10 14:00:00,16.92,17.19,16.91,17.06,9696.62,14
2023-12-10 14:15:00,17.04,17.3,17.03,17.29,5734.42,14
2023-12-10 14:30:00,17.29,17.49,17.22,17.38,15109.91,14
2023-12-10 14:45:00,17.38,17.4,17.05,17.12,5982.24,14
2023-12-10 15:00:00,17.1,17.25,17.05,17.11,5242.14,15
2023-12-10 15:15:00,17.1,17.13,16.87,16.97,5027.43,15
2023-12-10 15:30:00,16.97,17.35,16.76,17.31,14024.63,15
2023-12-10 15:45:00,17.31,17.35,17.0,17.07,12238.78,15
2023-12-10 16:00:00,17.04,17.11,16.89,16.97,7676.28,16
2023-12-10 16:15:00,16.94,16.97,16.67,16.71,6503.33,16
2023-12-10 16:30:00,16.7,16.72,16.5,16.61,9035.8,16
2023-12-10 16:45:00,16.59,16.68,16.53,16.67,6809.54,16
2023-12-10 17:00:00,16.67,16.78,16.65,16.77,3202.25,17
2023-12-10 17:15:00,16.77,16.83,16.65,16.66,2683.45,17
2023-12-10 17:30:00,16.68,16.72,16.5,16.55,9139.71,17
2023-12-10 17:45:00,16.57,16.65,16.46,16.5,7835.82,17
2023-12-10 18:00:00,16.5,16.76,16.46,16.7,12584.24,18
2023-12-10 18:15:00,16.71,16.85,16.71,16.83,3136.48,18
2023-12-10 18:30:00,16.84,16.85,16.68,16.68,9133.38,18
2023-12-10 18:45:00,16.68,16.8,16.62,16.74,2407.35,18
2023-12-10 19:00:00,16.74,16.74,16.57,16.65,2355.27,19
2023-12-10 19:15:00,16.67,16.73,16.63,16.68,1376.18,19
2023-12-10 19:30:00,16.68,16.8,16.63,16.75,1566.98,19
2023-12-10 19:45:00,16.74,16.78,16.63,16.65,2170.87,19
2023-12-10 20:00:00,16.64,16.73,16.63,16.73,715.53,20
2023-12-10 20:15:00,16.73,17.03,16.73,16.97,7821.24,20
2023-12-10 20:30:00,16.97,17.08,16.92,16.97,5666.09,20
2023-12-10 20:45:00,16.99,17.02,16.92,16.99,1397.83,20
2023-12-10 21:00:00,17.0,17.0,16.92,16.97,5715.4,21
2023-12-10 21:15:00,16.97,17.0,16.75,16.83,6625.07,21
2023-12-10 21:30:00,16.84,16.87,16.76,16.83,1214.31,21
2023-12-10 21:45:00,16.83,16.89,16.8,16.83,3101.82,21
2023-12-10 22:00:00,16.81,16.97,16.76,16.95,2138.87,22
2023-12-10 22:15:00,16.94,16.95,16.84,16.85,905.04,22
2023-12-10 22:30:00,16.87,16.89,16.71,16.86,2343.25,22
2023-12-10 22:45:00,16.86,16.99,16.79,16.82,3041.4,22
2023-12-10 23:00:00,16.83,16.94,16.81,16.94,1804.64,23
2023-12-10 23:15:00,16.92,17.0,16.92,16.99,1862.13,23
2023-12-10 23:30:00,16.99,17.04,16.95,17.04,3673.05,23
2023-12-10 23:45:00,17.01,17.1,16.95,16.99,4965.71,23
2023-12-11 00:00:00,16.99,17.19,16.98,17.1,5534.02,0
2023-12-11 00:15:00,17.1,17.11,16.78,16.8,19996.57,0
2023-12-11 00:30:00,16.8,16.83,16.57,16.61,7647.89,0
2023-12-11 00:45:00,16.59,16.64,16.51,16.53,6638.75,0
2023-12-11 01:00:00,16.54,16.68,16.5,16.67,3562.15,1
2023-12-11 01:15:00,16.63,16.68,16.62,16.63,1111.16,1
2023-12-11 01:30:00,16.63,16.67,16.57,16.58,2041.84,1
2023-12-11 01:45:00,16.56,16.64,16.56,16.59,2828.48,1
2023-12-11 02:00:00,16.56,16.67,16.56,16.66,2187.32,2
2023-12-11 02:15:00,16.67,16.7,16.66,16.7,320.95,2
2023-12-11 02:30:00,16.71,16.86,16.7,16.78,2290.82,2
2023-12-11 02:45:00,16.8,16.9,16.8,16.88,1399.04,2
2023-12-11 03:00:00,16.89,16.98,16.87,16.95,3257.46,3
2023-12-11 03:15:00,16.98,16.98,16.9,16.93,555.88,3
2023-12-11 03:30:00,16.91,16.91,16.85,16.89,956.79,3
2023-12-11 03:45:00,16.89,16.89,16.77,16.88,2012.32,3
2023-12-11 04:00:00,16.88,16.95,16.88,16.9,1658.56,4
2023-12-11 04:15:00,16.9,16.9,16.79,16.87,3095.49,4
2023-12-11 04:30:00,16.86,16.96,16.84,16.93,3344.63,4
2023-12-11 04:45:00,16.93,17.0,16.9,16.97,1598.91,4
2023-12-11 05:00:00,17.0,17.0,16.94,16.96,1693.58,5
2023-12-11 05:15:00,16.95,16.99,16.88,16.89,1957.21,5
2023-12-11 05:30:00,16.87,16.94,16.84,16.89,562.14,5
2023-12-11 05:45:00,16.89,16.95,16.85,16.85,378.82,5
2023-12-11 06:00:00,16.86,16.91,16.84,16.86,858.72,6
2023-12-11 06:15:00,16.86,16.9,16.79,16.84,844.93,6
2023-12-11 06:30:00,16.82,16.85,16.78,16.85,967.33,6
2023-12-11 06:45:00,16.85,16.85,16.82,16.84,1158.68,6
2023-12-11 07:00:00,16.88,16.95,16.82,16.82,2801.15,7
2023-12-11 07:15:00,16.81,16.83,16.72,16.79,2539.07,7
2023-12-11 07:30:00,16.78,16.82,16.72,16.82,1069.96,7
2023-12-11 07:45:00,16.78,16.87,16.78,16.84,946.01,7
2023-12-11 08:00:00,16.86,16.91,16.83,16.89,1921.95,8
2023-12-11 08:15:00,16.9,16.98,16.89,16.93,1444.57,8
2023-12-11 08:30:00,16.93,17.04,16.93,16.99,3125.88,8
2023-12-11 08:45:00,16.97,16.99,16.76,16.78,1695.9,8
2023-12-11 09:00:00,16.8,16.82,16.54,16.61,5475.7,9
2023-12-11 09:15:00,16.61,16.71,16.58,16.69,1170.5,9
2023-12-11 09:30:00,16.67,16.75,16.64,16.74,2508.14,9
2023-12-11 09:45:00,16.74,16.75,16.64,16.65,2985.55,9
2023-12-11 10:00:00,16.67,16.67,15.52,15.85,43386.77,10
2023-12-11 10:15:00,15.79,16.29,15.69,15.79,33135.91,10
2023-12-11 10:30:00,15.79,16.02,15.52,15.68,12045.1,10
2023-12-11 10:45:00,15.7,16.0,15.57,16.0,8533.05,10
2023-12-11 11:00:00,15.98,16.11,15.86,16.11,10450.77,11
2023-12-11 11:15:00,16.07,17.14,16.07,17.14,28619.24,11
2023-12-11 11:30:00,17.15,17.4,16.59,16.88,88354.41,11
2023-12-11 11:45:00,16.88,17.22,16.55,16.57,33824.41,11
2023-12-11 12:00:00,16.55,16.94,16.5,16.7,12255.32,12
2023-12-11 12:15:00,16.71,17.97,16.7,17.64,57649.54,12
2023-12-11 12:30:00,17.62,17.88,17.18,17.83,49140.96,12
2023-12-11 12:45:00,17.85,17.88,17.29,17.43,27035.65,12
2023-12-11 13:00:00,17.43,17.83,17.37,17.54,19835.62,13
2023-12-11 13:15:00,17.54,17.59,17.17,17.26,17662.61,13
2023-12-11 13:30:00,17.25,17.26,16.1,16.4,84562.53,13
2023-12-11 13:45:00,16.41,16.5,15.9,16.48,42732.43,13
2023-12-11 14:00:00,16.48,16.53,15.8,16.13,29890.79,14
2023-12-11 14:15:00,16.11,16.12,15.78,15.98,24077.51,14
2023-12-11 14:30:00,15.99,16.08,15.8,15.98,11944.22,14
2023-12-11 14:45:00,15.98,16.48,15.97,16.21,25762.91,14
2023-12-11 15:00:00,16.21,16.6,16.2,16.45,12199.83,15
2023-12-11 15:15:00,16.47,16.6,16.31,16.42,8815.17,15
2023-12-11 15:30:00,16.42,16.47,16.25,16.31,6723.81,15
2023-12-11 15:45:00,16.31,16.46,16.23,16.27,4136.27,15
2023-12-11 16:00:00,16.27,16.28,16.11,16.11,4528.52,16
2023-12-11 16:15:00,16.15,16.19,15.97,16.15,14698.19,16
2023-12-11 16:30:00,16.17,16.28,16.08,16.28,2398.13,16
2023-12-11 16:45:00,16.28,16.66,16.26,16.58,9587.8,16
2023-12-11 17:00:00,16.58,16.64,16.23,16.41,11756.78,17
2023-12-11 17:15:00,16.41,16.53,16.33,16.36,6785.58,17
2023-12-11 17:30:00,16.36,16.66,16.33,16.58,6178.54,17
2023-12-11 17:45:00,16.58,16.9,16.54,16.75,13654.48,17
2023-12-11 18:00:00,16.73,16.84,16.66,16.66,3002.16,18
2023-12-11 18:15:00,16.68,16.74,16.62,16.63,2900.02,18
2023-12-11 18:30:00,16.62,16.78,16.53,16.66,8153.96,18
2023-12-11 18:45:00,16.66,16.92,16.63,16.91,9110.6,18
2023-12-11 19:00:00,16.92,17.0,16.76,16.9,8213.55,19
2023-12-11 19:15:00,16.92,16.94,16.73,16.74,14692.83,19
2023-12-11 19:30:00,16.77,16.9,16.7,16.86,5534.59,19
2023-12-11 19:45:00,16.86,17.11,16.79,16.93,14564.94,19
2023-12-11 20:00:00,16.93,17.05,16.84,17.02,5710.21,20
2023-12-11 20:15:00,17.0,17.05,16.87,16.92,6138.29,20
2023-12-11 20:30:00,16.9,16.9,16.7,16.73,9681.79,20
2023-12-11 20:45:00,16.75,16.83,16.72,16.75,3378.57,20
2023-12-11 21:00:00,16.75,16.91,16.75,16.82,3148.93,21
2023-12-11 21:15:00,16.78,16.79,16.64,16.66,4009.77,21
2023-12-11 21:30:00,16.66,16.76,16.51,16.57,23155.73,21
2023-12-11 21:45:00,16.57,16.57,16.18,16.32,21095.97,21
2023-12-11 22:00:00,16.32,16.39,16.21,16.36,5818.29,22
2023-12-11 22:15:00,16.36,16.4,16.13,16.17,5506.2,22
2023-12-11 22:30:00,16.2,16.33,16.14,16.2,5324.68,22
2023-12-11 22:45:00,16.2,16.32,16.13,16.15,3930.54,22
2023-12-11 23:00:00,16.17,16.31,16.14,16.27,3071.17,23
2023-12-11 23:15:00,16.29,16.45,16.29,16.44,4515.99,23
2023-12-11 23:30:00,16.4,16.53,16.39,16.46,3225.78,23
2023-12-11 23:45:00,16.46,16.6,16.38,16.57,7279.23,23
2023-12-12 00:00:00,16.57,16.58,16.34,16.38,5509.32,0
2023-12-12 00:15:00,16.41,16.47,16.16,16.47,8902.88,0
2023-12-12 00:30:00,16.48,16.55,16.45,16.5,1847.32,0
2023-12-12 00:45:00,16.5,16.51,16.34,16.47,3151.51,0
2023-12-12 01:00:00,16.47,16.47,16.32,16.35,871.08,1
2023-12-12 01:15:00,16.35,16.35,16.25,16.29,1323.13,1
2023-12-12 01:30:00,16.28,16.28,16.12,16.14,3832.15,1
2023-12-12 01:45:00,16.14,16.31,16.14,16.2,5084.35,1
2023-12-12 02:00:00,16.2,16.21,16.0,16.02,10047.84,2
2023-12-12 02:15:00,16.02,16.14,15.79,15.81,11652.26,2
2023-12-12 02:30:00,15.83,16.18,15.77,16.0,9962.92,2
2023-12-12 02:45:00,15.97,16.25,15.91,16.25,2203.78,2
2023-12-12 03:00:00,16.26,16.26,16.08,16.11,2010.34,3
2023-12-12 03:15:00,16.11,16.13,16.02,16.09,941.79,3
2023-12-12 03:30:00,16.06,16.18,16.0,16.18,4420.56,3
2023-12-12 03:45:00,16.15,16.2,16.12,16.19,515.1,3
2023-12-12 04:00:00,16.15,16.25,16.13,16.22,1245.02,4
2023-12-12 04:15:00,16.18,16.22,16.14,16.16,2335.24,4
2023-12-12 04:30:00,16.19,16.19,16.13,16.18,1047.1,4
2023-12-12 04:45:00,16.17,16.22,16.16,16.18,610.87,4
2023-12-12 05:00:00,16.2,16.4,16.18,16.35,2033.81,5
2023-12-12 05:15:00,16.38,16.4,16.3,16.33,523.39,5
2023-12-12 05:30:00,16.32,16.41,16.32,16.41,162.66,5
2023-12-12 05:45:00,16.37,16.41,16.32,16.38,778.26,5
2023-12-12 06:00:00,16.38,16.46,16.37,16.46,713.83,6
2023-12-12 06:15:00,16.42,16.43,16.37,16.42,1606.23,6
2023-12-12 06:30:00,16.45,16.48,16.42,16.43,797.61,6
2023-12-12 06:45:00,16.42,16.5,16.42,16.42,1531.29,6
2023-12-12 07:00:00,16.42,16.43,16.35,16.36,270.52,7
2023-12-12 07:15:00,16.36,16.47,16.32,16.42,2735.24,7
2023-12-12 07:30:00,16.4,16.53,16.4,16.49,1057.59,7
2023-12-12 07:45:00,16.49,16.51,16.42,16.51,482.13,7
2023-12-12 08:00:00,16.51,16.76,16.47,16.65,6407.87,8
2023-12-12 08:15:00,16.63,16.75,16.62,16.74,2064.99,8
2023-12-12 08:30:00,16.73,16.79,16.63,16.7,3345.93,8
2023-12-12 08:45:00,16.7,16.84,16.7,16.8,3336.12,8
2023-12-12 09:00:00,16.82,16.9,16.8,16.89,3859.46,9
2023-12-12 09:15:00,16.88,16.89,16.74,16.84,11516.32,9
2023-12-12 09:30:00,16.84,16.87,16.8,16.8,2606.28,9
2023-12-12 09:45:00,16.8,16.88,16.8,16.86,2069.42,9
2023-12-12 10:00:00,16.85,16.9,16.8,16.88,2558.47,10
2023-12-12 10:15:00,16.91,16.97,16.86,16.96,6195.48,10
2023-12-12 10:30:00,16.94,17.07,16.94,17.07,5655.88,10
2023-12-12 10:45:00,17.06,17.15,16.97,17.12,7555.48,10
2023-12-12 11:00:00,17.11,17.47,17.1,17.18,26537.95,11
2023-12-12 11:15:00,17.16,17.29,17.15,17.29,8292.05,11
2023-12-12 11:30:00,17.29,17.31,17.15,17.23,7610.21,11
2023-12-12 11:45:00,17.23,17.23,17.15,17.18,2500.19,11
2023-12-12 12:00:00,17.16,17.18,17.01,17.05,12751.14,12
2023-12-12 12:15:00,17.05,17.06,16.87,16.9,4695.5,12
2023-12-12 12:30:00,16.88,17.6,16.88,17.46,52151.94,12
2023-12-12 12:45:00,17.44,17.69,17.26,17.26,38809.87,12
2023-12-12 13:00:00,17.29,17.63,17.16,17.47,21946.18,13
2023-12-12 13:15:00,17.47,17.94,17.34,17.88,46690.37,13
2023-12-12 13:30:00,17.86,17.98,17.56,17.8,18674.36,13
2023-12-12 13:45:00,17.79,17.84,17.62,17.73,12693.51,13
2023-12-12 14:00:00,17.76,18.33,17.75,18.21,30774.57,14
2023-12-12 14:15:00,18.21,19.0,18.14,18.8,83465.38,14
2023-12-12 14:30:00,18.78,19.45,18.57,19.05,82385.03,14
2023-12-12 14:45:00,19.05,19.17,18.63,18.82,41744.44,14
2023-12-12 15:00:00,18.82,19.27,18.73,18.76,36365.17,15
2023-12-12 15:15:00,18.76,18.81,18.38,18.52,26395.65,15
2023-12-12 15:30:00,18.5,18.57,18.28,18.5,10161.43,15
2023-12-12 15:45:00,18.52,18.76,18.39,18.61,11338.13,15
2023-12-12 16:00:00,18.62,18.62,18.15,18.16,19420.46,16
2023-12-12 16:15:00,18.15,18.37,18.14,18.2,11670.87,16
2023-12-12 16:30:00,18.2,18.4,18.09,18.32,13079.88,16
2023-12-12 16:45:00,18.33,18.35,18.18,18.33,8169.91,16
2023-12-12 17:00:00,18.3,18.37,17.95,18.03,12943.55,17
2023-12-12 17:15:00,18.04,18.22,17.97,18.14,9332.2,17
2023-12-12 17:30:00,18.13,18.33,18.11,18.3,5505.21,17
2023-12-12 17:45:00,18.32,18.39,18.26,18.31,4763.64,17
2023-12-12 18:00:00,18.29,18.45,18.27,18.42,7072.15,18
2023-12-12 18:15:00,18.42,18.62,18.35,18.47,12080.07,18
2023-12-12 18:30:00,18.45,18.46,18.21,18.28,4509.4,18
2023-12-12 18:45:00,18.31,18.32,18.03,18.06,14095.42,18
2023-12-12 19:00:00,18.07,18.25,17.97,18.04,9582.21,19
2023-12-12 19:15:00,18.06,18.11,17.98,18.01,2185.48,19
2023-12-12 19:30:00,18.03,18.07,17.72,17.8,10703.86,19
2023-12-12 19:45:00,17.8,17.84,17.66,17.68,10370.66,19
2023-12-12 20:00:00,17.69,17.87,17.64,17.7,10311.9,20
2023-12-12 20:15:00,17.7,17.99,17.67,17.89,6556.88,20
2023-12-12 20:30:00,17.89,18.14,17.82,18.06,10334.37,20
2023-12-12 20:45:00,18.06,18.22,17.98,18.05,7696.37,20
2023-12-12 21:00:00,18.09,18.11,17.9,17.93,13836.85,21
2023-12-12 21:15:00,17.94,17.94,17.66,17.87,8738.19,21
2023-12-12 21:30:00,17.86,18.11,17.75,18.02,14933.16,21
2023-12-12 21:45:00,18.02,18.17,18.0,18.14,5085.17,21
2023-12-12 22:00:00,18.14,18.17,17.99,17.99,9123.82,22
2023-12-12 22:15:00,18.0,18.16,17.99,18.01,21139.98,22
2023-12-12 22:30:00,18.04,18.32,17.92,18.11,19483.66,22
2023-12-12 22:45:00,18.11,18.13,17.81,18.02,13217.14,22
2023-12-12 23:00:00,18.02,18.06,17.94,17.94,4743.86,23
2023-12-12 23:15:00,17.95,18.01,17.17,17.26,48212.14,23
2023-12-12 23:30:00,17.23,17.4,16.92,17.4,30451.03,23
2023-12-12 23:45:00,17.4,17.44,17.29,17.36,3210.01,23
2023-12-13 00:00:00,17.39,17.45,17.12,17.29,7277.25,0
2023-12-13 00:15:00,17.3,17.33,17.13,17.27,3728.69,0
2023-12-13 00:30:00,17.27,17.4,17.21,17.38,5072.15,0
2023-12-13 00:45:00,17.37,17.49,17.33,17.48,2981.32,0
2023-12-13 01:00:00,17.48,17.48,17.35,17.4,3392.5,1
2023-12-13 01:15:00,17.39,17.52,17.22,17.25,5521.89,1
2023-12-13 01:30:00,17.24,17.53,17.24,17.48,6916.27,1
2023-12-13 01:45:00,17.44,17.76,17.42,17.61,7827.78,1
2023-12-13 02:00:00,17.64,17.95,17.64,17.92,5894.06,2
2023-12-13 02:15:00,17.93,18.18,17.64,17.72,10642.93,2
2023-12-13 02:30:00,17.7,17.73,17.57,17.57,2190.59,2
2023-12-13 02:45:00,17.59,17.65,17.5,17.5,1622.94,2
2023-12-13 03:00:00,17.52,17.53,17.35,17.41,2833.59,3
2023-12-13 03:15:00,17.41,17.41,17.18,17.21,3981.47,3
2023-12-13 03:30:00,17.21,17.38,17.21,17.33,1844.93,3
2023-12-13 03:45:00,17.32,17.43,17.28,17.41,2226.36,3
2023-12-13 04:00:00,17.38,17.45,17.32,17.41,2305.64,4
2023-12-13 04:15:00,17.38,17.43,17.28,17.37,6096.92,4
2023-12-13 04:30:00,17.33,17.47,17.3,17.42,1354.59,4
2023-12-13 04:45:00,17.44,17.7,17.41,17.64,3483.39,4
2023-12-13 05:00:00,17.6,17.7,17.55,17.65,1428.18,5
2023-12-13 05:15:00,17.65,17.67,17.51,17.58,2271.48,5
2023-12-13 05:30:00,17.56,17.7,17.53,17.67,1432.9,5
2023-12-13 05:45:00,17.67,17.71,17.53,17.62,2516.25,5
2023-12-13 06:00:00,17.6,17.6,17.43,17.6,2551.33,6
2023-12-13 06:15:00,17.6,17.71,17.6,17.69,2390.31,6
2023-12-13 06:30:00,17.65,17.82,17.65,17.73,1843.13,6
2023-12-13 06:45:00,17.73,17.74,17.66,17.67,904.42,6
2023-12-13 07:00:00,17.67,17.94,17.67,17.88,2614.59,7
2023-12-13 07:15:00,17.89,18.23,17.89,17.97,9726.15,7
2023-12-13 07:30:00,17.95,18.16,17.95,18.04,6870.43,7
2023-12-13 07:45:00,18.07,18.2,17.96,18.06,7295.98,7
2023-12-13 08:00:00,18.04,18.09,17.76,17.84,5855.04,8
2023-12-13 08:15:00,17.83,17.83,17.69,17.75,2476.61,8
2023-12-13 08:30:00,17.74,17.89,17.7,17.88,2923.98,8
2023-12-13 08:45:00,17.89,17.97,17.86,17.96,1766.05,8
2023-12-13 09:00:00,17.96,18.05,17.89,18.05,2315.33,9
2023-12-13 09:15:00,18.03,18.03,17.46,17.48,7183.66,9
2023-12-13 09:30:00,17.48,17.51,16.93,17.13,25451.94,9
2023-12-13 09:45:00,17.13,17.4,16.75,16.9,25114.0,9
2023-12-13 10:00:00,16.91,17.08,16.85,16.95,12336.36,10
2023-12-13 10:15:00,16.95,17.04,16.6,16.88,20241.42,10
2023-12-13 10:30:00,16.9,17.06,16.83,16.87,9404.15,10
2023-12-13 10:45:00,16.88,16.99,16.83,16.95,9004.47,10
2023-12-13 11:00:00,16.96,16.96,16.77,16.82,4373.96,11
2023-12-13 11:15:00,16.82,16.84,16.69,16.76,3280.96,11
2023-12-13 11:30:00,16.73,16.9,16.72,16.88,3347.39,11
2023-12-13 11:45:00,16.86,16.92,16.78,16.82,2207.9,11
2023-12-13 12:00:00,16.85,16.95,16.72,16.77,6674.69,12
2023-12-13 12:15:00,16.76,16.9,16.62,16.86,3480.49,12
2023-12-13 12:30:00,16.86,17.01,16.86,16.99,2712.23,12
2023-12-13 12:45:00,17.01,17.09,16.98,17.04,2199.32,12
2023-12-13 13:00:00,17.02,17.1,16.95,17.01,1958.78,13
2023-12-13 13:15:00,17.02,17.13,16.92,17.09,2205.94,13
2023-12-13 13:30:00,17.13,17.19,17.06,17.19,1349.61,13
2023-12-13 13:45:00,17.19,17.4,17.18,17.4,12323.83,13
2023-12-13 14:00:00,17.4,17.5,17.22,17.29,6699.29,14
2023-12-13 14:15:00,17.26,17.36,17.12,17.15,2178.19,14
2023-12-13 14:30:00,17.14,17.18,17.03,17.08,4990.47,14
2023-12-13 14:45:00,17.05,17.14,16.91,16.93,10976.31,14
2023-12-13 15:00:00,16.96,17.3,16.84,17.21,4990.01,15
2023-12-13 15:15:00,17.24,17.39,17.23,17.35,2742.22,15
2023-12-13 15:30:00,17.33,17.44,17.27,17.37,1870.9,15
2023-12-13 15:45:00,17.4,17.45,17.27,17.29,2092.87,15
2023-12-13 16:00:00,17.29,17.29,17.14,17.2,6767.63,16
2023-12-13 16:15:00,17.18,17.26,17.12,17.25,2496.24,16
2023-12-13 16:30:00,17.27,17.33,17.15,17.16,1375.72,16
2023-12-13 16:45:00,17.17,17.24,17.13,17.24,1463.12,16
2023-12-13 17:00:00,17.24,17.29,17.2,17.29,1143.48,17
2023-12-13 17:15:00,17.29,17.32,17.21,17.32,3609.94,17
2023-12-13 17:30:00,17.32,17.34,17.18,17.31,1862.83,17
2023-12-13 17:45:00,17.32,17.37,17.3,17.33,1119.65,17
2023-12-13 18:00:00,17.33,17.36,17.26,17.33,2039.79,18
2023-12-13 18:15:00,17.36,17.37,17.17,17.18,1963.6,18
2023-12-13 18:30:00,17.2,17.26,17.14,17.17,1629.56,18
2023-12-13 18:45:00,17.17,17.32,17.13,17.31,5079.14,18
2023-12-13 19:00:00,17.32,17.5,17.22,17.4,6481.15,19
2023-12-13 19:15:00,17.41,17.5,17.33,17.48,4905.78,19
2023-12-13 19:30:00,17.48,17.54,17.26,17.26,2627.57,19
2023-12-13 19:45:00,17.26,17.31,17.15,17.2,1740.01,19
2023-12-13 20:00:00,17.2,17.23,17.11,17.15,1897.97,20
2023-12-13 20:15:00,17.16,17.52,17.16,17.44,6756.61,20
2023-12-13 20:30:00,17.46,17.67,17.44,17.57,7185.51,20
2023-12-13 20:45:00,17.57,17.65,17.52,17.62,2004.27,20
2023-12-13 21:00:00,17.62,17.78,17.62,17.73,5052.76,21
2023-12-13 21:15:00,17.74,17.85,17.65,17.77,5072.56,21
2023-12-13 21:30:00,17.77,17.92,17.77,17.87,4303.77,21
2023-12-13 21:45:00,17.87,17.98,17.83,17.97,7573.79,21
2023-12-13 22:00:00,17.95,18.26,17.9,18.24,14266.22,22
2023-12-13 22:15:00,18.24,18.38,18.03,18.31,14496.87,22
2023-12-13 22:30:00,18.31,18.34,18.14,18.26,13065.11,22
2023-12-13 22:45:00,18.23,18.85,18.15,18.56,26515.42,22
2023-12-13 23:00:00,18.56,18.98,18.46,18.78,20823.46,23
2023-12-13 23:15:00,18.75,18.79,18.15,18.49,45006.7,23
2023-12-13 23:30:00,18.49,18.83,18.47,18.82,14259.87,23
2023-12-13 23:45:00,18.82,19.07,18.79,18.9,20895.13,23
2023-12-14 00:00:00,18.92,20.07,18.82,19.83,117177.59,0
2023-12-14 00:15:00,19.84,21.0,19.57,20.61,147353.78,0
2023-12-14 00:30:00,20.61,20.92,19.67,20.01,80484.64,0
2023-12-14 00:45:00,20.01,20.18,19.66,19.86,32081.99,0
2023-12-14 01:00:00,19.87,20.09,19.79,19.85,14895.72,1
2023-12-14 01:15:00,19.85,20.24,19.75,19.9,28071.44,1
2023-12-14 01:30:00,19.9,20.01,19.79,19.96,11972.77,1
2023-12-14 01:45:00,19.96,20.27,19.89,20.17,13771.28,1
2023-12-14 02:00:00,20.16,20.38,20.13,20.23,11299.54,2
2023-12-14 02:15:00,20.22,20.69,20.17,20.47,17870.19,2
2023-12-14 02:30:00,20.48,20.62,20.14,20.23,12705.59,2
2023-12-14 02:45:00,20.23,20.45,20.15,20.38,8566.87,2
2023-12-14 03:00:00,20.37,20.79,20.27,20.37,22428.88,3
2023-12-14 03:15:00,20.38,20.7,20.25,20.66,10152.72,3
2023-12-14 03:30:00,20.64,21.3,20.62,21.0,52043.61,3
2023-12-14 03:45:00,20.98,21.08,20.43,20.55,13365.99,3
2023-12-14 04:00:00,20.55,20.68,20.36,20.42,9592.11,4
2023-12-14 04:15:00,20.42,20.63,19.78,19.79,40432.94,4
2023-12-14 04:30:00,19.78,20.0,19.61,19.63,16050.74,4
2023-12-14 04:45:00,19.67,19.99,19.61,19.85,6438.44,4
2023-12-14 05:00:00,19.83,19.99,19.8,19.89,4583.96,5
2023-12-14 05:15:00,19.87,19.96,19.8,19.83,2780.16,5
2023-12-14 05:30:00,19.86,20.06,19.77,19.97,6165.51,5
2023-12-14 05:45:00,19.98,20.07,19.84,20.03,5307.44,5
2023-12-14 06:00:00,20.04,20.31,19.98,20.16,5008.99,6
2023-12-14 06:15:00,20.21,20.46,20.11,20.39,8382.0,6
2023-12-14 06:30:00,20.36,20.47,20.22,20.22,2544.05,6
2023-12-14 06:45:00,20.22,20.51,20.22,20.45,8218.2,6
2023-12-14 07:00:00,20.46,20.63,20.28,20.35,6487.32,7
2023-12-14 07:15:00,20.38,20.41,19.96,20.04,11936.61,7
2023-12-14 07:30:00,20.05,20.05,19.8,19.95,5121.53,7
2023-12-14 07:45:00,19.98,20.03,19.73,19.83,8123.68,7
2023-12-14 08:00:00,19.83,20.15,19.76,20.11,8320.5,8
2023-12-14 08:15:00,20.1,20.18,20.0,20.16,5626.74,8
2023-12-14 08:30:00,20.18,21.09,20.12,20.97,29906.68,8
2023-12-14 08:45:00,20.98,21.07,20.61,20.85,24152.68,8
2023-12-14 09:00:00,20.86,20.98,20.76,20.88,10889.27,9
2023-12-14 09:15:00,20.9,21.2,20.64,20.88,16743.96,9
2023-12-14 09:30:00,20.86,21.07,20.81,20.87,5836.26,9
2023-12-14 09:45:00,20.87,21.45,20.76,21.39,15739.04,9
2023-12-14 10:00:00,21.37,22.46,21.06,22.06,87300.31,10
2023-12-14 10:15:00,22.08,23.0,21.98,22.25,65777.43,10
2023-12-14 10:30:00,22.23,22.7,22.04,22.49,28627.1,10
2023-12-14 10:45:00,22.48,22.48,22.13,22.28,14445.98,10
2023-12-14 11:00:00,22.27,22.67,22.18,22.62,19152.25,11
2023-12-14 11:15:00,22.65,23.41,22.49,23.36,60039.85,11
2023-12-14 11:30:00,23.35,23.48,22.95,23.35,30464.75,11
2023-12-14 11:45:00,23.33,24.29,23.21,23.97,85180.94,11
2023-12-14 12:00:00,23.99,24.3,23.12,23.66,107692.25,12
2023-12-14 12:15:00,23.66,24.29,23.5,24.23,39931.11,12
2023-12-14 12:30:00,24.25,24.35,24.0,24.15,42131.57,12
2023-12-14 12:45:00,24.14,24.24,23.42,23.48,38340.46,12
2023-12-14 13:00:00,23.47,23.87,23.31,23.73,27213.84,13
2023-12-14 13:15:00,23.74,24.3,23.51,23.94,26365.74,13
2023-12-14 13:30:00,23.95,24.3,23.87,24.22,21073.16,13
2023-12-14 13:45:00,24.21,24.5,24.03,24.19,46356.37,13
2023-12-14 14:00:00,24.18,24.82,24.05,24.22,61473.29,14
2023-12-14 14:15:00,24.23,24.3,23.67,23.84,37569.24,14
2023-12-14 14:30:00,23.84,24.13,23.78,23.84,17534.63,14
2023-12-14 14:45:00,23.85,24.03,23.61,23.9,20752.99,14
2023-12-14 15:00:00,23.87,24.25,23.83,23.98,18421.28,15
2023-12-14 15:15:00,23.96,24.76,23.91,24.48,38612.97,15
2023-12-14 15:30:00,24.48,24.87,24.38,24.74,37900.9,15
2023-12-14 15:45:00,24.75,24.85,24.3,24.35,19413.99,15
2023-12-14 16:00:00,24.35,24.4,24.02,24.21,15751.41,16
2023-12-14 16:15:00,24.2,24.28,24.03,24.21,18135.68,16
2023-12-14 16:30:00,24.22,24.32,23.8,24.13,30328.89,16
2023-12-14 16:45:00,24.14,24.19,23.6,23.82,19426.31,16
2023-12-14 17:00:00,23.83,24.5,23.79,24.31,46012.46,17
2023-12-14 17:15:00,24.32,24.97,24.32,24.81,41798.72,17
2023-12-14 17:30:00,24.8,25.5,24.61,25.3,51021.77,17
2023-12-14 17:45:00,25.33,25.5,24.87,25.01,27719.67,17
2023-12-14 18:00:00,24.99,25.0,24.22,24.37,37558.96,18
2023-12-14 18:15:00,24.38,24.72,24.09,24.42,21976.23,18
2023-12-14 18:30:00,24.42,24.83,24.18,24.78,17687.39,18
2023-12-14 18:45:00,24.79,25.24,24.78,25.2,20508.07,18
2023-12-14 19:00:00,25.21,25.24,24.73,25.04,22104.69,19
2023-12-14 19:15:00,25.04,25.16,24.81,25.02,16696.12,19
2023-12-14 19:30:00,25.03,25.07,24.54,24.67,14885.08,19
2023-12-14 19:45:00,24.65,24.8,24.12,24.19,39535.86,19
2023-12-14 20:00:00,24.2,24.28,23.51,24.12,68198.02,20
2023-12-14 20:15:00,24.1,24.23,23.85,24.09,21279.58,20
2023-12-14 20:30:00,24.09,24.23,23.82,24.06,15330.31,20
2023-12-14 20:45:00,24.07,24.4,23.95,24.17,14916.31,20
2023-12-14 21:00:00,24.17,24.26,23.85,24.01,26309.03,21
2023-12-14 21:15:00,24.03,24.64,23.83,23.83,34799.53,21
2023-12-14 21:30:00,23.84,24.4,22.8,24.07,58940.0,21
2023-12-14 21:45:00,24.03,24.12,23.69,23.83,20722.64,21
2023-12-14 22:00:00,23.82,24.04,23.49,24.02,24933.56,22
2023-12-14 22:15:00,24.03,24.58,24.0,24.3,24236.2,22
2023-12-14 22:30:00,24.32,24.35,23.85,24.08,11233.29,22
2023-12-14 22:45:00,24.03,24.57,24.03,24.47,15173.08,22
2023-12-14 23:00:00,24.47,25.2,24.35,24.83,27643.82,23
2023-12-14 23:15:00,24.8,25.16,24.31,24.38,29495.39,23
2023-12-14 23:30:00,24.36,24.56,24.09,24.43,12832.5,23
2023-12-14 23:45:00,24.4,25.08,24.28,25.0,23120.55,23
2023-12-15 00:00:00,25.0,25.87,24.9,25.82,44559.14,0
2023-12-15 00:15:00,25.85,26.58,25.52,25.69,55759.62,0
2023-12-15 00:30:00,25.68,26.36,25.57,26.17,23801.17,0
2023-12-15 00:45:00,26.17,26.7,26.02,26.51,21533.53,0
2023-12-15 01:00:00,26.54,27.34,26.5,26.65,49164.7,1
2023-12-15 01:15:00,26.68,26.78,26.16,26.44,15992.69,1
2023-12-15 01:30:00,26.42,27.41,26.3,27.18,19362.91,1
2023-12-15 01:45:00,27.18,28.16,27.07,27.9,43931.64,1
2023-12-15 02:00:00,27.9,28.7,27.27,27.49,64301.47,2
2023-12-15 02:15:00,27.49,27.94,27.39,27.54,23766.06,2
2023-12-15 02:30:00,27.54,28.44,27.44,28.36,30806.67,2
2023-12-15 02:45:00,28.33,28.7,27.82,28.08,32933.16,2
2023-12-15 03:00:00,28.1,28.2,27.82,28.18,15056.59,3
2023-12-15 03:15:00,28.12,29.41,28.11,29.25,52489.89,3
2023-12-15 03:30:00,29.25,29.5,28.97,29.1,43013.29,3
2023-12-15 03:45:00,29.1,29.31,28.76,29.0,18991.52,3
2023-12-15 04:00:00,29.0,29.01,27.86,28.28,17950.93,4
2023-12-15 04:15:00,28.31,28.49,28.2,28.38,9364.87,4
2023-12-15 04:30:00,28.37,28.39,26.66,26.97,44467.78,4
2023-12-15 04:45:00,26.97,27.57,26.8,27.42,14889.36,4
2023-12-15 05:00:00,27.39,27.97,27.29,27.86,11071.72,5
2023-12-15 05:15:00,27.87,27.92,27.36,27.77,9364.73,5
2023-12-15 05:30:00,27.79,28.27,27.65,28.08,11195.76,5
2023-12-15 05:45:00,28.08,28.29,27.69,28.13,10190.05,5
2023-12-15 06:00:00,28.13,28.15,26.86,26.98,13133.63,6
2023-12-15 06:15:00,27.01,27.04,26.51,26.9,16406.45,6
2023-12-15 06:30:00,26.89,26.94,26.61,26.89,6269.46,6
2023-12-15 06:45:00,26.89,27.6,26.83,27.56,8551.21,6
2023-12-15 07:00:00,27.55,27.57,26.94,27.12,7459.85,7
2023-12-15 07:15:00,27.14,27.28,26.68,26.68,9066.62,7
2023-12-15 07:30:00,26.67,26.97,26.54,26.79,8589.76,7
2023-12-15 07:45:00,26.81,27.11,26.61,26.82,7430.02,7
2023-12-15 08:00:00,26.82,27.97,26.79,27.58,37165.88,8
2023-12-15 08:15:00,27.6,29.28,27.5,29.09,46463.11,8
2023-12-15 08:30:00,29.09,29.13,27.36,27.7,32558.46,8
2023-12-15 08:45:00,27.68,29.2,27.3,28.44,50158.01,8
2023-12-15 09:00:00,28.43,28.52,28.0,28.35,18147.97,9
2023-12-15 09:15:00,28.29,28.34,27.61,28.05,16052.53,9
2023-12-15 09:30:00,28.02,28.81,28.02,28.65,15811.85,9
2023-12-15 09:45:00,28.69,29.29,28.69,29.03,38593.5,9
2023-12-15 10:00:00,29.02,29.15,28.33,28.69,40004.96,10
2023-12-15 10:15:00,28.69,28.96,28.39,28.87,22901.62,10
2023-12-15 10:30:00,28.88,28.93,28.27,28.49,15711.57,10
2023-12-15 10:45:00,28.49,28.58,28.19,28.46,7557.15,10
2023-12-15 11:00:00,28.45,28.7,27.94,28.55,19772.13,11
2023-12-15 11:15:00,28.55,29.44,28.41,29.41,29709.3,11
2023-12-15 11:30:00,29.41,30.0,28.98,29.91,41980.51,11
2023-12-15 11:45:00,29.92,30.85,29.53,30.72,71285.64,11
2023-12-15 12:00:00,30.73,30.78,29.8,29.99,44726.2,12
2023-12-15 12:15:00,29.98,31.66,29.95,31.06,67568.47,12
2023-12-15 12:30:00,31.03,31.45,30.45,31.0,54062.11,12
2023-12-15 12:45:00,30.99,31.02,30.49,30.63,15031.72,12
2023-12-15 13:00:00,30.62,30.75,30.16,30.25,25893.33,13
2023-12-15 13:15:00,30.25,30.9,29.8,30.28,35864.53,13
2023-12-15 13:30:00,30.31,30.49,29.7,29.83,18015.26,13
2023-12-15 13:45:00,29.83,30.19,29.64,29.73,15113.59,13
2023-12-15 14:00:00,29.75,29.75,28.93,28.96,28716.27,14
2023-12-15 14:15:00,28.97,29.64,28.62,29.59,18503.73,14
2023-12-15 14:30:00,29.59,29.84,29.43,29.46,12856.11,14
2023-12-15 14:45:00,29.48,29.97,29.41,29.97,16172.2,14
2023-12-15 15:00:00,29.92,30.25,29.88,30.09,35475.44,15
2023-12-15 15:15:00,30.09,30.09,29.61,30.02,13402.24,15
2023-12-15 15:30:00,30.03,30.67,29.99,30.55,13975.11,15
2023-12-15 15:45:00,30.53,30.86,29.93,30.07,36787.39,15
2023-12-15 16:00:00,30.08,30.44,29.4,30.0,28608.69,16
2023-12-15 16:15:00,29.94,29.96,28.73,29.18,27565.5,16
2023-12-15 16:30:00,29.18,29.31,28.56,28.74,23352.95,16
2023-12-15 16:45:00,28.74,29.13,28.36,28.68,16754.67,16
2023-12-15 17:00:00,28.69,29.46,28.56,29.46,26059.33,17
2023-12-15 17:15:00,29.44,32.9,29.16,31.86,160534.07,17
2023-12-15 17:30:00,31.91,33.0,30.8,31.58,131133.96,17
2023-12-15 17:45:00,31.6,32.21,31.05,31.58,29415.35,17
2023-12-15 18:00:00,31.58,31.88,30.9,31.28,43172.31,18
2023-12-15 18:15:00,31.29,31.42,30.35,30.6,34912.38,18
2023-12-15 18:30:00,30.61,31.0,30.39,30.96,19742.65,18
2023-12-15 18:45:00,30.96,30.96,30.18,30.34,20067.92,18
2023-12-15 19:00:00,30.32,30.75,30.31,30.74,16896.5,19
2023-12-15 19:15:00,30.74,31.0,30.33,30.83,21172.59,19
2023-12-15 19:30:00,30.87,31.49,30.78,31.47,17753.85,19
2023-12-15 19:45:00,31.47,31.56,31.0,31.39,18818.31,19
2023-12-15 20:00:00,31.4,31.49,30.66,30.69,14431.38,20
2023-12-15 20:15:00,30.67,31.99,30.4,31.53,38529.73,20
2023-12-15 20:30:00,31.53,31.75,30.41,30.51,34371.65,20
2023-12-15 20:45:00,30.54,31.08,29.2,29.3,54251.17,20
2023-12-15 21:00:00,29.3,30.12,27.0,27.8,106161.02,21
2023-12-15 21:15:00,27.82,28.07,25.35,25.9,156153.48,21
2023-12-15 21:30:00,25.89,26.9,25.49,26.29,120015.02,21
2023-12-15 21:45:00,26.25,27.09,26.12,26.56,42970.59,21
2023-12-15 22:00:00,26.57,27.87,26.51,27.55,51249.96,22
2023-12-15 22:15:00,27.55,27.6,26.78,27.11,27532.63,22
2023-12-15 22:30:00,27.13,27.59,27.04,27.26,20864.14,22
2023-12-15 22:45:00,27.24,27.97,27.11,27.86,14465.52,22
2023-12-15 23:00:00,27.88,27.95,26.4,26.73,22118.48,23
2023-12-15 23:15:00,26.73,26.95,26.2,26.63,18972.42,23
2023-12-15 23:30:00,26.57,26.78,26.0,26.52,20448.89,23
2023-12-15 23:45:00,26.53,26.76,26.21,26.63,12278.16,23
2023-12-16 00:00:00,26.6,26.73,25.61,25.98,19016.9,0
2023-12-16 00:15:00,25.96,28.09,25.89,27.88,47124.66,0
2023-12-16 00:30:00,27.91,28.09,27.35,27.44,19659.05,0
2023-12-16 00:45:00,27.47,27.64,27.11,27.12,10842.34,0
2023-12-16 01:00:00,27.12,28.0,27.03,27.95,19253.93,1
2023-12-16 01:15:00,27.94,29.0,27.87,28.48,48110.93,1
2023-12-16 01:30:00,28.48,29.76,28.27,29.42,33706.1,1
2023-12-16 01:45:00,29.43,29.88,28.8,29.11,25444.31,1
2023-12-16 02:00:00,29.13,29.42,28.85,29.02,9318.86,2
2023-12-16 02:15:00,29.09,29.52,28.83,29.29,9907.13,2
2023-12-16 02:30:00,29.3,29.41,29.03,29.32,5167.51,2
2023-12-16 02:45:00,29.35,29.76,29.18,29.31,6005.83,2
2023-12-16 03:00:00,29.31,29.68,28.96,29.57,6529.4,3
2023-12-16 03:15:00,29.53,29.88,29.4,29.84,8063.16,3
2023-12-16 03:30:00,29.87,30.07,29.26,29.26,12689.1,3
2023-12-16 03:45:00,29.25,29.53,29.06,29.46,4387.93,3
2023-12-16 04:00:00,29.46,29.79,29.08,29.23,5332.39,4
2023-12-16 04:15:00,29.22,29.36,28.97,29.02,3570.21,4
2023-12-16 04:30:00,29.02,29.05,28.58,28.67,13405.54,4
2023-12-16 04:45:00,28.69,28.79,28.46,28.58,7258.82,4
2023-12-16 05:00:00,28.59,28.93,28.58,28.75,3819.2,5
2023-12-16 05:15:00,28.76,29.17,28.67,29.1,6225.38,5
2023-12-16 05:30:00,29.13,29.27,28.94,28.99,5039.61,5
2023-12-16 05:45:00,28.96,29.35,28.69,28.81,7895.35,5
2023-12-16 06:00:00,28.83,28.87,28.31,28.64,8140.54,6
2023-12-16 06:15:00,28.64,29.22,28.61,29.07,3838.78,6
2023-12-16 06:30:00,29.07,29.5,28.34,28.52,6499.18,6
2023-12-16 06:45:00,28.52,29.41,28.5,29.31,12266.81,6
2023-12-16 07:00:00,29.31,30.47,29.12,29.89,20275.49,7
2023-12-16 07:15:00,29.89,30.7,29.65,29.86,22179.04,7
2023-12-16 07:30:00,29.88,29.94,28.4,28.68,18717.32,7
2023-12-16 07:45:00,28.67,28.75,28.0,28.16,27257.81,7
2023-12-16 08:00:00,28.14,28.94,28.04,28.58,17005.17,8
2023-12-16 08:15:00,28.59,28.73,27.62,27.72,14748.26,8
2023-12-16 08:30:00,27.72,27.83,26.88,27.45,27243.22,8
2023-12-16 08:45:00,27.46,27.9,27.4,27.9,10286.29,8
2023-12-16 09:00:00,27.9,28.52,27.9,28.46,10290.07,9
2023-12-16 09:15:00,28.47,29.55,28.44,29.43,21045.59,9
2023-12-16 09:30:00,29.42,29.58,28.93,29.31,9866.54,9
2023-12-16 09:45:00,29.32,29.58,28.79,29.38,10359.04,9
2023-12-16 10:00:00,29.38,30.26,29.29,29.98,21157.72,10
2023-12-16 10:15:00,29.98,31.5,29.96,31.31,39437.11,10
2023-12-16 10:30:00,31.32,31.95,31.23,31.53,26587.17,10
2023-12-16 10:45:00,31.54,31.98,31.54,31.94,2809.0,10
